 
 /*INSERTAR USUARIOS*/
 INSERT INTO tpdatabase.users (`id`, `celular`, `email`, `first_name`, `first_time`, `last_name`, `numero_identificacion`, `password`, 
 `pregunta_seguridad`, `respuesta_seguridad`, `sexo`, `tipo_identificacion`, `tipo_user`, `username`,`recibir_notificaciones`,`datos_moviles`)
 VALUES (1, "celular1" , "mail1", "nombre1", "false", "apellido1", "identificacion1", "administrado1",
 "pregunta1", "respuesta1", "masculino", "DNI", "Administrado", "administrado1", true, false);
 
 INSERT INTO tpdatabase.users (`id`, `celular`, `email`, `first_name`, `first_time`, `last_name`, `numero_identificacion`, `password`, 
 `pregunta_seguridad`, `respuesta_seguridad`, `sexo`, `tipo_identificacion`, `tipo_user`, `username`,`recibir_notificaciones`,`datos_moviles`)
 VALUES (2, "celular2" , "mail2", "nombre2", "false", "apellido2", "identificacion2", "administrado2",
 "pregunta2", "respuesta2", "masculino", "DNI", "Administrado", "administrado2", true, false);

 INSERT INTO tpdatabase.users (`id`, `celular`, `email`, `first_name`, `first_time`, `last_name`, `numero_identificacion`, `password`, 
 `pregunta_seguridad`, `respuesta_seguridad`, `sexo`, `tipo_identificacion`, `tipo_user`, `username`,`recibir_notificaciones`,`datos_moviles`)
 VALUES (3, "celular4" , "mail4", "nombre4", "false", "apellido4", "identificacion4", "inspector1",
 "pregunta1", "respuesta1", "masculino", "DNI", "Inspector", "inspector1",  true, false);

 INSERT INTO tpdatabase.users (`id`, `celular`, `email`, `first_name`, `first_time`, `last_name`, `numero_identificacion`, `password`, 
 `pregunta_seguridad`, `respuesta_seguridad`, `sexo`, `tipo_identificacion`, `tipo_user`, `username`,`recibir_notificaciones`,`datos_moviles`)
 VALUES (4, "celular4" , "mail4", "nombre4", "false", "apellido4", "identificacion4", "inspector2",
 "pregunta2", "respuesta2", "masculino", "DNI", "Inspector", "inspector2",  true, false);
 
  INSERT INTO tpdatabase.users (`id`, `celular`, `email`, `first_name`, `first_time`, `last_name`, `numero_identificacion`, `password`, 
 `pregunta_seguridad`, `respuesta_seguridad`, `sexo`, `tipo_identificacion`, `tipo_user`, `username`,`recibir_notificaciones`,`datos_moviles`)
 VALUES (5, "celular6" , "mail6", "nombre6", "false", "apellido6", "identificacion6", "administrador1",
 "pregunta1", "respuesta1", "masculino", "DNI", "Administrador", "administrador1",  true, false);
 
select * from tpdatabase.users;

/*INSERTAR EDIFICIOS*/
INSERT INTO tpdatabase.edificios (id_edificio, cant_unidades, direccion, nombre, telefono) VALUES (1,40,"Savedra 10","Savedra 10", "2131342");
INSERT INTO tpdatabase.edificios (id_edificio, cant_unidades, direccion, nombre, telefono) VALUES (2,30,"Satate 29","State building", "23215412");
INSERT INTO tpdatabase.edificios (id_edificio, cant_unidades, direccion, nombre, telefono) VALUES (3,24,"Suipacha 2332","sapayis", "7764565465");
INSERT INTO tpdatabase.edificios (id_edificio, cant_unidades, direccion, nombre, telefono) VALUES (4,10,"Constitucion 2020","Maral 4", "21857921");
select * from tpdatabase.edificios;

/*INSERTAR ESPECIALIDADES*/
INSERT INTO tpdatabase.especialidades (id_especialidad, descripcion, nombre, id_inspector) VALUES (1,"Trabajos de electricidad general","Electricidad",null);
INSERT INTO tpdatabase.especialidades (id_especialidad, descripcion, nombre, id_inspector) VALUES (2,"Trabajos de Albañileria","Albañileria",null);
INSERT INTO tpdatabase.especialidades (id_especialidad, descripcion, nombre, id_inspector) VALUES (3,"Trabajos de Pintura","Pintura",null);
INSERT INTO tpdatabase.especialidades (id_especialidad, descripcion, nombre, id_inspector) VALUES (4,"Trabajos de Plomeria","Plomeria",null);
INSERT INTO tpdatabase.especialidades (id_especialidad, descripcion, nombre, id_inspector) VALUES (5,"Trabajos de Jardineria","Jardineria",null);
INSERT INTO tpdatabase.especialidades (id_especialidad, descripcion, nombre, id_inspector) VALUES (6,"Trabajos de Gas","Gasista",null);
select * from tpdatabase.especialidades;

/*INSERTAR INSPECTORES*/
INSERT INTO tpdatabase.inspectores(id_inspector,id_user,id_especialidad,id_edificio)VALUES(1,1,3,2);
INSERT INTO tpdatabase.inspectores(id_inspector,id_user,id_especialidad,id_edificio)VALUES(2,2,4,4);
select * from tpdatabase.inspectores;

/*ACTUALIZAR RELACIONES INSPECTOR - ESPECIALIDAD*/
UPDATE tpdatabase.especialidades SET `id_inspector` = 1 WHERE `id_especialidad` = 1;
UPDATE tpdatabase.especialidades SET `id_inspector` = 1 WHERE `id_especialidad` = 2;
UPDATE tpdatabase.especialidades SET `id_inspector` = 1 WHERE `id_especialidad` = 3;
UPDATE tpdatabase.especialidades SET `id_inspector` = 2 WHERE `id_especialidad` = 4;
UPDATE tpdatabase.especialidades SET `id_inspector` = 2 WHERE `id_especialidad` = 5;
UPDATE tpdatabase.especialidades SET `id_inspector` = 2 WHERE `id_especialidad` = 6;
select * from tpdatabase.especialidades;
/*---------------------------------------------------------------------------------------------------------------------------------------------------------------------*/

/*INSERTAR UNIDADES*/
INSERT INTO tpdatabase.unidades (id_unidad, piso, unidad, id_edificio,id_administradounidad) VALUES (1,5,"B",2,null);
INSERT INTO tpdatabase.unidades (id_unidad, piso, unidad, id_edificio,id_administradounidad) VALUES (2,1,"C",4,null);
INSERT INTO tpdatabase.unidades (id_unidad, piso, unidad, id_edificio,id_administradounidad) VALUES (3,3,"A",2,null);
INSERT INTO tpdatabase.unidades (id_unidad, piso, unidad, id_edificio,id_administradounidad) VALUES (4,5,"PB",2,null);
INSERT INTO tpdatabase.unidades (id_unidad, piso, unidad, id_edificio,id_administradounidad) VALUES (5,7,"D",4,null);
INSERT INTO tpdatabase.unidades (id_unidad, piso, unidad, id_edificio,id_administradounidad) VALUES (6,10,"F",2,null);
INSERT INTO tpdatabase.unidades (id_unidad, piso, unidad, id_edificio,id_administradounidad) VALUES (7,9,"A",4,null);
INSERT INTO tpdatabase.unidades (id_unidad, piso, unidad, id_edificio,id_administradounidad) VALUES (8,2,"B",2,null);

INSERT INTO tpdatabase.unidades (id_unidad, piso, unidad, id_edificio,id_administradounidad) VALUES (1,5,"B",1,null);
INSERT INTO tpdatabase.unidades (id_unidad, piso, unidad, id_edificio,id_administradounidad) VALUES (2,1,"C",1,null);
INSERT INTO tpdatabase.unidades (id_unidad, piso, unidad, id_edificio,id_administradounidad) VALUES (3,3,"A",1,null);
INSERT INTO tpdatabase.unidades (id_unidad, piso, unidad, id_edificio,id_administradounidad) VALUES (4,5,"PB",1,null);
INSERT INTO tpdatabase.unidades (id_unidad, piso, unidad, id_edificio,id_administradounidad) VALUES (5,7,"D",3,null);
INSERT INTO tpdatabase.unidades (id_unidad, piso, unidad, id_edificio,id_administradounidad) VALUES (6,10,"F",3,null);
INSERT INTO tpdatabase.unidades (id_unidad, piso, unidad, id_edificio,id_administradounidad) VALUES (7,9,"A",3,null);
INSERT INTO tpdatabase.unidades (id_unidad, piso, unidad, id_edificio,id_administradounidad) VALUES (8,2,"B",3,null);
select * from tpdatabase.unidades;

 /*INSERTAR ESPACIOS COMUNES*/
INSERT INTO tpdatabase.espacios_comunes (id_espaciocomun, descripcion, nombre, id_edificio) VALUES (1,"pileta","pileta",1);
INSERT INTO tpdatabase.espacios_comunes (id_espaciocomun, descripcion, nombre, id_edificio) VALUES (2,"ascensor","ascensor",1);
INSERT INTO tpdatabase.espacios_comunes (id_espaciocomun, descripcion, nombre, id_edificio) VALUES (3,"ascensor","ascensor",2);
INSERT INTO tpdatabase.espacios_comunes (id_espaciocomun, descripcion, nombre, id_edificio) VALUES (4,"pileta","pileta",1);
INSERT INTO tpdatabase.espacios_comunes (id_espaciocomun, descripcion, nombre, id_edificio) VALUES (5,"pileta","pileta",2);
INSERT INTO tpdatabase.espacios_comunes (id_espaciocomun, descripcion, nombre, id_edificio) VALUES (6,"ascensor","ascensor",3);
select * from tpdatabase.espacios_comunes;

/*INSERTAR ADMINISTRADO*/
INSERT INTO tpdatabase.administrado (`id_administrado`, `id_user`) VALUES (1, 7);
INSERT INTO tpdatabase.administrado (`id_administrado`, `id_user`) VALUES (2, 8);
INSERT INTO tpdatabase.administrado (`id_administrado`, `id_user`) VALUES (3, 3);
select * from tpdatabase.administrado;

/*INSERTAR ADMINISTRADO UNIDAD*/
INSERT INTO tpdatabase.administrad_unidad (`id_administradounidad`,`relacion`,`id_administrado`)VALUES(1,"Vividor",1);
INSERT INTO tpdatabase.administrad_unidad (`id_administradounidad`,`relacion`,`id_administrado`)VALUES(2,"Inquilino",2);
INSERT INTO tpdatabase.administrad_unidad (`id_administradounidad`,`relacion`,`id_administrado`)VALUES(3,"Dueño/Vividor",3);
select * from tpdatabase.administrad_unidad;
/*select * from tpdatabase.administrad_unidad; id administrado= 3, id_unidad=1, relacion=inquilino*/


/*INSERTAR ESTADO*/
/*Abierto: Reclamo recien abierto sin tratar
Cerrado: Reclamo cerrado con solucion encontrada - Problema arreglado
Inspeccionando: en Bandeja del inspector X esperando por inspeccion
En Reparacion: reclamo en proceso de reparacion
Cancelado: Reclamo suspendido - Pedido Cancelado */
INSERT INTO tpdatabase.estados(`id_estado`,`descripcion`)VALUES(1,"Abierto");
INSERT INTO tpdatabase.estados(`id_estado`,`descripcion`)VALUES(2,"Cerrado");
INSERT INTO tpdatabase.estados(`id_estado`,`descripcion`)VALUES(3,"Inspeccionando");
INSERT INTO tpdatabase.estados(`id_estado`,`descripcion`)VALUES(4,"En Reparacion");
INSERT INTO tpdatabase.estados(`id_estado`,`descripcion`)VALUES(5,"Cancelado");
select * from tpdatabase.estados;

/*FOTOS INSERTAR CON POSTMAN*/
INSERT INTO `tpdatabase`.`fotos`(`id_foto`,`foto`,`id_reclamo`)VALUES(1,"/9j/4AAQSkZJRgABAQEAYABgAAD//gA7Q1JFQVRPUjogZ2QtanBlZyB2MS4wICh1c2luZyBJSkcgSlBFRyB2NjIpLCBxdWFsaXR5ID0gODIK/9sAQwAGBAUGBQQGBgUGBwcGCAoQCgoJCQoUDg8MEBcUGBgXFBYWGh0lHxobIxwWFiAsICMmJykqKRkfLTAtKDAlKCko/9sAQwEHBwcKCAoTCgoTKBoWGigoKCgoKCgoKCgoKCgoKCgoKCgoKCgoKCgoKCgoKCgoKCgoKCgoKCgoKCgoKCgoKCgo/8AAEQgCKwPbAwEiAAIRAQMRAf/EAB0AAAIDAQEBAQEAAAAAAAAAAAQFAgMGBwEIAAn/xAA6EAABBAEDAwMEAQMDBAEEAwEBAAIDEQQFEiEGMUETIlEHFDJhcRUjkUKBoSQzUrFiFjRDwSU14XL/xAAaAQADAQEBAQAAAAAAAAAAAAACAwQBAAUG/8QAJhEAAgMAAgIDAQADAQEBAAAAAAECAxESIQQxEyJBUQUyYRRCgf/aAAwDAQACEQMRAD8A4zAOUYLrhDxgXwio2khZyO44Tx2lzlpdIw9zAT8pTgwf3FrtHjDWhKnINQGuJEIowB4CuExB7qlz67FRY7c+rQKXRuDaCQlqqyDutSxoi6qKPhwS7/Sg+XAuJnJIzuJVUg4Wom0wkfil02lyEmmolPUckvYgkJLapC/ZPlJABK0Y014d7mJrhaXucPZwu7ZkmsMph6KXUXNKb4ujMYLLCtvjaa2OOtgtDzYpBIDUcY/0U+zNHAaBw1enT/b24T1uObNheuYADYXPo3hpkcvT2t5aOUGzGAP4rS5zBylbI/eijYzuBTDi7vCJhwGXy1McZgIpEOaGDhMUwXAAbp7K/FSGkxOG4gIncQaROO7ik6Mhcoi3+kxj8RyiMfC28bU0ibyi4Gj4VUJCZIpwsbkcFajTcYcWEsxWgPC0mCywCl2TNhEMhgaFaIhXZXRR8K7akORRGIukjHwhZ4QQfanD2WLQcre6VJm8DF61j3HJx4XMtYw7c7jyuw6xHua8D4XP9TwnOkdx5SW0worDHY2LTxwnEOKOOEbi4Dt3ZMG4Lgm1pByfQldiDd+NKLsEHhO3YbgpQ4jgTYTmkL1ozx08NBtKM/GDCaWwzYSGdln82Kw5A4o1CLFBbMa7LQYjdzOQgIIKdaZ4x8BPpWC5hcUPF0p7C0EKeOCByUQGBwKsXol7TF7m13Q8wR8sTgTXlVHFe4JNksRTT7EuTHuHAQgxjRNLTx6c4/6V5Lp5DfxXm2S09GOGYGOL5CtZibuwTOTAfZ2tR+n6bI7u1I70NtYJYMM32JTrBxnNrgrQYekWwW1OMPRhYtnCpqeEVzFGDE8EcJ5iMeB7k4g0uNkf4BWfY00lUJ6R8WCQs4UpGGlcBt4Kk1t2sbOSE2XG6jSUy4LpLta6bF3CyOFXFiCR5ZC33V3U19yrWsZXBsx40ON35d1VL0zv4jjLl0rSdCFF2QNzh4WghwYYmgNhChfluXUUN+LDhs/09yMyL2RV+qSjN+l+XGL9N3+wX0gyIWKAH6U3xgiiAUMbZsLMR8mZPQ08TyHMk/wq4ulpIqBYV9VZOmY04Ikjb/hZTVOmPTlL4mgt/hOrsT6ZklhxXG0RzGj2lMYcEsFELoUumNa0jYLCTZ2JsJ9qsgv1C2IGYQI5VWTpjJGUmEh2mgqfUIJtUR9AOJm8rT5ISdvZAUWkhw5WtmIc02s9qbGtshOjLBTQEKtXREAoBr6PKJZKE1MwPJFdkFMLcaV7Xgt7oWR9Fc30aUuYAV+ZQKiZu9qIeCbSzUw6N1hXtqggI3gBFRvBA5WHBUYFqb6tRiIUpHADshNKJ3ANNpZkvBBpMpS03wleWByhMFeQObSvNqimeQ4AFKsk2CsbMwS5ZFkJbO3cU0yBZIQro0OhYTwY9u00n2GCGE0k+J3aE8xgdvdY5HZoQx52q6Jx+UOwcq+LgoOQaQbt9l2h8mAOYeLRMTgQv0vLeFumNGZnhp5ACO06C3CwiZ4NyKwIaI4RxMGGJitPgpzh6WyRvLSqdOYLWgxnBgFI2jksF8vTcUjfxSjM6ZLASxpW9xn7kYYQ+MWxLlDRiZxLP0mSMOtpSSXGLCQQV27VNLbIHEMCxOp6MQ91MU8q2g1IwmzaF4H0aTfO090RPCTyxlrx4QegvZMSG+6m2RyjBGXuTCLCJANLGwkBh5XsZJf3TF+nkjgKs4RYLpapNMHArCeR5TeCYgd0jxPaaKYNcKXpePZpPOI5ZkUOSvHZItLWT0OVF81lXpk8ol2dLuY/+FiNWsl38rSZk/tIWc1E7iVJ5T0KtYxC6M2SoRtcHJiIv0pegALDV5r7LIsEjNOR8L1QWc9lfA3lYOUhniUUfGAgcUJjCOFRWBJk9opUStsFEgHsvHx2wpzj0TsTTCrS+Z9OTXKjq0on4eVLNYcj8HEq6JBx8nui4hSS2HgXEy/Ct9EfCqjJDVP1HJenYetwXAq1uO5pFrUMwA41tCNZonqAU1bLUUwjpncCMmQLW6TAS0K3A6dc2Sy1aHC0sxN/EJT5MZ6E+RjEAkKGHjudKFo5cXggtCni4HN7aKB8kKcj3T8LgWE7xsQAdlTiwncG2neOz20sim2dz6BBiBwNtURp7ST7U2YzkK4RfpURiA2ZuXSwXeEZh4OyuE1MFu7IiOENHZOSwEGbj8CwhcjGbyaTtrOOyqyIQWFacZl0IBJpCyxg3wnUsQ5QUjQ27Cmsng+taZ/MgbX/APiWjG93AT3LczceyHjDS7ikn5BjjgEyExi1Y78OUXKBtPyhZeGFOjMBoEcSHd1fA+kNIR8heMeQLVNcxMojaGbaeeyLjnA7FI2SEhFQPJKshInmjQ4LzJIFrsD8WhYzTHbXBafDmrygmwYezSREfKtdVeEqhlvyiGy/JSJMpii9zuEJkEBppTklG3hDSSbgQppzGJCnL97nDykuVgBwsjlaGZo3Gu6pdBuUvy4w1Az2PpwDjwjWYLa/FNY8YN5RLIRXZPhZprrEDsEG/aqXYQaHcf8AC0boELPDwU6NmgOJkM/HFEUsxqOMW7vhbnPi5SPOxd7TwnchP6Y1o5ICPw4SRZRR08seTXCMji2tTq5mNFPp7QF+jcd1KUriAVCBji6yn8+hTgMoImvHPKubjAvoBRxmk0AmeLCS60qb0OHR5FgDavztN3dwnMMPtRTIASOFPwKFMQ42iscRYTCHSGR9gE8gxwGokY4rshUOzpSYqxcAA0mkGK1vhWxxhqIjHymxjgp9lQgFdyvHR2whFcKqXgGkSMeCuaCz+lLFg9Qho45Vrwb+So/cjHyYxJ7QSKKXbZwQMY6V5e2HMZjSlwDhe5H6ZA1rdzSK+URrGPHLF6wbZaByluFIGkgE7QvkPO8uc7MfovrgsNHF7QCOyuY9nYO5Se5nbXRuBaPCIjncHC4yT8hP8fyVFYLlEaM7qMjrdSrhl3EgKcpZFG57iKA7r2KbIuDYrNYg1zqXB03KjxZpgJX/AOUzwZW5OI1zbc0/KxUnTjNX6oZqGQA6Jh7ErcwiKKIRxkADxa8xW7NtMbKOCLVsL0y97R7VmM+IUeO63uawPic0g0ViNWYYnvH+F6HieZyfFi5w/TGag3ZI49kqklKa6w4jcSszNOB3XpxkKUQp89NNlJNQyLB5X7KyxRAKSZOTd2U1TFyieST0eF7HOflLJJuV62XhGpgqI5GUR5X5+SCCk5mXhnIWuZvEYOlBtSielrZrV8Uw7Xyig9FvoYOlpq9hyDY5QL5Pb3VbZKPdHhikaKDI/aufPx4WeZOQO6n91Q5NoGFo1kyBR5SrKybJ5VEuXdgIW7Js3aWzkeSSF1oGZ3BR1DmlU6EuB4S2zcEk3dUGNxKd/YFzvxRsOmdiWJMpYEkI8aA8JziREtTHH04X+ATLHwNvZoS/kDSwSiAhTihcStRDo7pQKaEyxunXVZYFnyBLDIx47g2wqJ9zbXQv6IWsI2BK9Q0M7TTBdLVYC2YZ81HlMtPfucKUM7SpWPNN4C/Ycb4n04EJsJ6LZpsAC03ib2SXBLg1qd4YLi1Uaah5p0JNFPIscbEJpkPsCeRQ+1Y5BJCmbCDwfCR5+kNO4rZyQ0OyByoBtPtWN6dhyrWNHDt1BYrUdNLJDS7PquKC1wDQsXqunH1D7QkThpsTG6dhbn9losfT/b//AIicHAp340U5ixSEHHB8RE/EodlRJhB44Wknx/b2Qb8dbmm4ZKfH9IlUMdTjaf5eOSHcJNPGWOTam0xEkQLh4X4OsHlDuJoqDXE8L0FZ0IaIZLiSUuli32mjoC8/yioNPO2y1ZOPJAejOtx77hTGNxZBWi+xoE7QoOxPbwFH8YyMzMugrwpxQ8pxJifpRbi/pZ8Y1TKcaNMoY6aqYoi0o2JhoKiuIMpECxVvsAo57OFWIS/gd05roTKQhy22SOUmy4nbj3W8Zpe4W5v/AAhsnR7JIYFHYjoyMHGxwcjGcAWn8ukuaSdgS+XFeHEbQpJj4sqZe1e2fhEQY73FGDT3kdj/AIShmnQcPB3OHBWq0vTm7eQoaVie4cLV4eJQB2hWOGhxmBRae0DsF4/F2jgLQNgFdlB2ML7LuCN5mcdiFzuyKixNlUOU4GOA7srDEPhLcBMn2KmY+x10i4QWg2inRj4Vb2UOEChhyZbFRRPFIKMkK0zcLc7CTLg34VjQQVGEbhakXC0zpHFzTx+1XPWw2vN3BQ00ltIWajgLKe1gPKzufqAYS0Jnng81ax2ovJncCVBeyip4Wzz+pZBVcGQQKtDRRk/KvjgPwp46xzlowhfvHK9nhJaSPhQjZIGjaP8AhFRRyOHuCfFi2xTJjk+FX6RDU7dEQOR/wqW43qPT4MVJi+GK+KTHFgFi0XFiBg/FEwsAPYKyt9E0y3EhogpvE7a1AQSNBRbHAjhbKQuMWGwZJHdFxTlyVtFo/GbShtu4/pVXFhQJcaVUpLOyuaaUZPceFDb5KKoxBg7cf2r4477qLIqfdItrFG7NGqJV6X+FbGylc1tBWBnCqptBaA5QPAS7JaQ1ycSxkC0Bkx20qyEwMMtqF2ljzZorQZuPuvhKZMZ7X8DhPUhLQBLGC0mkvldzQ7J++C2IGXC2k0E6MmAkKJI9zgSi8WEEjhXyQ14V2JH7uyYp6c10FY2NyKCaQQbeyjiN45TKCK1vIWRgaaR8EZJXkMHCNhjpElpyJQsKIDOF7G1W7eESibpSGKVK0DhRIRYZpGuFXLyFc4cId7wDSFnMoDTZtYfrLqFmL1Fg4m727gHLeh4ok+OQuAfUtz39VyO3H8hRHg2ovNl9A6kfSMIZl4LNptrmjssk7IGn6r9tkEhr3cJp9PWzf/TeK+d+4lo5tWatFg5OqwiVu6ZpB4XzVtUJ9lMJYxlBjhkZLH22rQUec1j3tFlw8JlkksAbFw4jjheQYUZPqyNG5cvHlNpRB5/jI4+VtgdNM0MAFpeMibWYnmI7IgaTPLEUrPScLafAXscMcGOWQgNvsFW084R//TE0uxO132YEEZG7ySq83KZTpRJTmdwD3VfVGn5OTpznYp25A8hc5g1SaLIngyy4PHyvLcZVtpFMFyR0ka1E+CMudTj2Wf6mlDWCUOsOP+Fm8fU2PkDSdzgLAUtX1KOXTnNMgLgO3wm+G5K1aZKGJmf1jMBa43azT3GW6C9kyvXe9t3ymGFE0NFhfZRjqTPOk8EsuG54JQMmATfdbF2NuBpqqZgO5JYiURfIwmRgFt90OMdw45XQpNJMnZn/AArsfpkOsujQvo7Tn0WE53yrv6Y93hdMh6cY0f8AbRMegxgn2j/Cxazjk0umSR8i0K+J0Z9wK7FNocZb+A/wlGpdPMcx1MF18J0HguSOZCS7Cr9QgnlOtX0h+M4lrTX6WeILSQ4EFUKSAwIExHlSdJxwULtJHtBVkcTz4K7pnFjXWrIxZor2OB3wf8I/GxC5wU88GRK4scOoAHlMsPS/UcLBoppp+nt2gkWtFp+IwV7UttBYJsbpxrmAgL9PoxYDXhbzCgj2D2i1KbDY66YCFLNGxRzyDT3B1Jvg6XucLC0n2LGm9gROJAGu/FBgwjp2jBoBpMm4DWAik1wQ3a0UFfJCCDwuwziIjhAk8IebTmOBBCfmINKg6MHwjSOaMTm6FG8uO1IM/QmMJc0HhdTGKD/pBSzUcDc11MTYoTJHO8PF20DfCeYMIDm0EU7Ti2Sg2kfhYbmuHCfpiY10yGwE8ig9g4QmnYxFcJ4xtCqWD4LUAvx7tB5ON7SnLwD3QssYJQ6bhks/GHPBWY1PFDnfC6HmY454Cyuswjc7hCYZaCAMkIHJRgbXhSDQwklWAbha1JDl6B5m2qDCjC21+DeOy1o1iOfH4dYWb1WIMJW0zWU0rH606rtYmkKkhD3cVfDEDRQ7SC4o2Dwqq5IRILx8cOcCU4ggBFUl2J3CcY3BCsXaJm3pW/CAHZDPxKHZOwA4We6qmjNdkrgmdyM9JifAVX2pANhPjAfhRMFiqXcEdyM96QB7K2FvPZHz4rgeyhFAQeQuSwzmyv0t3hHYeFZBpWQQ3XCc4EA4KOS6M5aVs0+2Cgqn4JFilo44vaFb9s2rICksY6KMbJgbrBaEBkaLZJDP+Fvft47/ABCujxI3D8R/hSPtjvSObRaMWuukc3TTS3UumANsMCF+xH/gt+NHaPNKgJcOFqsaH2BI9LA4paTFaePhNYcGTjgJ8Kb4OCUXE39cKMg7oRqQrewAql5oorIABKWZEtHgpcgWtLy/hVmQIX7imlByZW1x5QgehhJOGg3wqY5/UfQKU5OYCw8qOmZJMyXJ4cjXYz6YrQ0koPDdbEY19NWc9WDYkttD9oeYNDTauMlpfmzU0odYQq1eYNaaWHy5C/KIPkp51Dm7GnlZmHIbJkAnlIm+QSeDvBjBbz3RzYQAh8NzaNAIlsgIWRgFyDMWAOrhN8bDaaCCwG2QtDhR/pN4GaL5tNDga/8ASHj08RuPFladkNg9lWccEnsijHAJGffDQPCEfDV7uFo5sbuleZAR2TeXFC+Oid1scjcSQvqkPK07qpMdMxi4WQpbb8TYyMBhjxgtso1jQFBkWyMrwnaeF4PkeS3LophDC4kKcY+VVESea4VpPHCSpOQ1JImQApNdyhpJC0cqtkxJT4oIZtdYVzOQg4XfKLicq6INi2yTxYQU8YLSjiRSGlFgr04wEt4KZIeeypkxmkH28pq4cdlAt9pVEYimzP5GOGglKp/a5aDPYS00s5lseCU1IArcGu7K3GYLKXCR4cBSb6dE555C7Tmw2BnATfCjtqrx8U7eyZ4sBA7IkgCyKIbURHGphm0dla0JhuEA3kKdcKRCgStRx+pQK/OfwhnvNnlaY8PZpKHBS2eYh3JUsiQtJ2m0G473+5CwdCY5DITzxS4v9Q4R/X5Q7jkLsjZGhwHgd1yj6qbBqj3xckAEqHzV9R1L06t9NZ/U6dhjLi7YK5WjMWMzJDy3+4f9RC5f9PtRkx9OgfHukaato8LqMJbO2Nzmmzyvn17xj5dMOJY0W4gnwg5swOJYwm/4UsiO5AGAoHUXnHj/ALIBldxXwjutxfUGKLgTGRRDnu8d0W0uawvnHIFpZo0D4mvMziXu5/hEapI6HAe7duI8JcLMjqC46yjOz2w4jpD2dwPK4v1k6XA1H1wPUbJ/qWg6k6hmZlfaRNIcBdK+XT4eodHrIHoShvtDlLOey7KIxxHLnam+R7zAdrx5UG5r5GOa5/u8/tKdaxMvS8maN4podQd8hS0Pfm5vp1YaLJC9TxKuckxV1mIcadiD1Q6rsrV4+ASAeACgcDEDJ2muAtPhRW0WF9XGPFHkuT0qxtP9ovsjY9NBPbhMsWAbQmMOOPhCzUtFeHpDS6//ANJ3DpTA3iv8I3FhAHZGsADeEGDFESTacAOAEG/D2k2AtNI0FvZBZENg8LPRvEz78X9oXJwwWnzwnjoO6q9D5W8jHE5/rWkCUEUsNn9NO3uLR5XbsnBY/uEnyNKjLnceUWi+LOUYnTz2n3BM4umtxvwt8zTmtP4I6HTWlv4hEpYZxMJj9MCq4RjOltnLeVusfTmN52oxmM3ttSp9hxWHPmaXJDYrhFY8JaapbOXT2v8A9PCXT6ZsJICQ+hiQDitpNIGAt5QUbHR+OEbF+ktvQsRGaIDwoQxku7It1ObS8ibtcg04Y4cXb9Ji2IbSgMeQBGNlDuxXJhIrlhvshjHTkzbtooZzLcStTOZBjKCqlhsG1bI7Yh5J+6fBipAcuK3eDQVuPji+ApbtxRmKBacBFdjDT4Bt57op8VdgoY9BFsNjlYPSBHRIWaPumbxu/wBkDPwSgZ2CvKaKN/CymsM9zlrcx1XfwsprczWh1rAGZbJdVi0PFkkPpU5uRcjq+UKJCXcLkNT6HHr/ALX71uO6AZJxyqpZ6vla2GkW589tPKxmtPJcaKeZsziO6zuY173Hyp3PGc4aKojbj/KaYvYKiLCcbO3lF4+PIzuwqiqwnlFIYYo5Cb44tLcNnIsFaDBhBbavhZ0SziTii3tFK8wjb8omGOmkUvTHXddyF8QD0R8Lz0RaIkO091Q+Sihcw4w0g/Ha7uq24jSeAp+oSr4XV3RwkZKOFcWIAmOLEGgKMYvspv3MC2UtFqPY3iYCwUVL0TRKCxMniiUxZIHM7qSZTAo9M2jMOInuq2t/aKxuD3SNG50MGwgsqlD7Nv8A4qUcu0fkFeJuO4RrsEW6Q/3CitVivpvKz+nYXpuuk9Yza3hFocEMYpAeyhM+gUFHIWHlRnm9p5Q6OigfMl5KTZclWbRGZkUCkebk8HnylyZvEukyaaUsysmwaKhJPuaeUDNJwaXIBxJnLJdt+U40dhvcQkONHukBK0+m8NAQyjoP4PcWTa1FiW2pfGPb8Kx0m1DGtI1BJloFKtSm2xOKJfJXlItayKieLRcDuWGM6nzCborL4eeRlAOJ7ovqHKJLueFlo8rbkg35QfEgeZ1LT8kGO7TXFO+u6xek51sAtbHR5N4af2j4rDVL+Gu0uIbW8LRYcQAukq0toc1oTyMhrQhUQ0yTuBwq1N7hSHc4C+UWI09eBRSzMbwUY6Xvygst42FBKOnbgr9MOmTvAYGsFUk0Th6hTjAcNpXmeRiGwfYwItqqMRPcIiPsvX8+F5yp5PcHKRSxm3i1c1orwqXOoKp2RsabT40xRus/ZXDSgWSAUvZsiybPCFc+ya7J0aEdyG8M4Iq0XFLws+yUt7I/HmtndU1xUQGxq2QlSPLULG/i1cXcK6KQhsg7i1QSeVN7ue6qc/gp6SFtg+QLBSyaAOcbCZubuUHw2FqQOiJmn7pTTU/07B2NFgDheY8O1/lNYhTQt4o5PSTIQAKRMTKC8jbwrmBF0Eke0pNHHK/WvCuNPzqAPKGldSskNIXIkFFEgGQfNVoaSf5Q889ISSb2mytwU5BLngvtBZU4a5UPygARuSvMy7PDrWNC+Qzblbn1YH8rlHWuVJJrsrJGnaPK3jMmyCO/dI+pNKjzXsyG0LcN38KPzI7DofTPGaL6Zwg6XH6I3OBt1eV1XCafQG5tEDsVzvoGbHwsiXHiI7Cq8rpTHAhfPeNBOx7+Fcv6VZLnMjNcurhJ8XDe0PyJ3l5vi+UzzXXwL7IJhc1jYy67KG7jOXFejYrAzCqZt7C2vPyh9cjlGG8QAFx8Jnjs2sAB4pLOpciXH06eSGg5rTRKfPx1CrTFP7HItSLZtdkdw+QCnfpMzltDWueT7Tz+lgXa3NBq05ABe5x3H5TJ2sMyYyGGjt91+V5k69fRan0DfUTHdrUAkwYrczim+QlfRmnfZxSOmFTO4II7JjBqToYAHAhhdVpvn5sGQzHEMIjc0ckf6l7f+Ib5YyLyI/w/Y9Mk5T/T6cFl95DwbTnAn7D5X029Hn8Wa7GjG0JpiRjylOBIHMZad49E8eEthpBcYACsbX6VRXtoehiLyARwAh528FWtcvHe4FYzRc5vc0qHEA9kdIBR8JdMaJoodMKpCCeeFSYwSaUZieVKE9lvI49GNfhEQQfIV0IsK+JvK3TOJUIa7BTZFSKLeFGl2m4QbHYpDZMILTwEaCAqJnDnlKktNM9lxbAeAg4pNp5cm+eGlhKyepZHoSEgpXDs4diUA/kFF2VRWYZq1uolXjN3eVzg0jEaJmoAcIzEzgSsg3I945R+Pk0UjGGjZx5bCz9qYnbXKzmLklwCYtJcEaMbJZmS2zzSAOSHPoFfs2N1OpIzK+KYg2mxYqRpIZB5TDEf7uAsvFmOaQnWDk7mi05NHRRpInWES14pJ4J/32RLJl2oYmMQ4UULMLK8bJ+1F7rBXamc2LdRoX/CwfUk4Act1qX4OP6XOep2ucXUlt4CZHJyf7jqPlewS26whpYXl7uPKKxIiG8hb0/QWhjSSf0oSRglyuiHtXjm0tUQlJiueAknuqotPL3D2lO4cf1T2TzB0u23STOvTVYZ3G0kNq2phBpLXH8P+Fom4Hbgpjh6eK5RQjgt9mfj0FpjBDQP9l47TXwfiOFuIsMbFVkYIc3gKhSwU4mNa1zTyOFTkPocJ/l4FXwk2XhkMKLm2jnER5Mp3cIV0nyUVl45baWvvcQlSswZCAXE+0fFyBwhdPhLx2T3Gw+AmQmDKB7iRggEq2eC2mkfFigBfpYtoKcpaIcRKQY7UoMzZ+RRErA60BPjX+KTZ6DgM480FvBU2ZwBSX0nRt5tVHIMZUb3R34aiLNG6iUY3KbX5LKYuWXd6tFfdlMi8Aw6hDjkFEmP2qyIBWkDaaTUNSE+T7SaSvKyS0FOs1vBWczyG7kDGRYszswBpt1LPZeaHOI3WitVlNOWWyZjvP8AKROWMckh2yUubwV+b7jRSzHnO3lFwzG0cZJoCaGeOA14TvCdRWehm9yaYswRJisNHHIDH3UHSD5S6DJX5+TW4pihoJPJy9pIull9e1ENY/3o3UM0NBtYHqPLc8P28JkYCpMQ69qQJd7/ACspJngTj3Xyp6pK4yEE+Uu9MGQEm1qggNNnoOo28WV1LpjKa6Jtu8riOnOdG4Ut705qb4WsaflLlHAos7lpOQB5TmOcOHdYDRdUst58LTY+VvAS8Gpjp8oruqS+wqWStI5Kg+QWaPC5I3T9K+rpA5Uh2FXPfz3Q+RRat4acmAxvcHmynGnS23hJwwknhM8FpaQobqNY5SQ/jf7Qri72lCMdwFKR9NKFeOkglMhO+gSlWXOeaV+TKeQCgvTc+0Pw9m8ytsj3u57IhgXscJA5Uq2GqVUKVgtzIj8qKvb7ey9bGHC/KmI6HZdKvDObCseQFvdEB4LeEtaS0qxshRR6A3Ql7hyqC8WvCSUJI4h/ZOjIFoOYeOFcwWl7ZqaKREMxNI00ZgdHHZRLRSqgeC1ENNrQksCIyKU7VLTSmHrUjdJlRJUS+gh5JaXYcSmd3S7KfQKtkm7pVlznml0RU5YC5U1Ej4SnJzKsLzUMktc5K3SGS7TUiOc2SmyXG6KBlkcfKIMXtJQ0ga0lxBK6XSBWs8bM8DsSjoy5uO4yN4q+V5p8Hq0720f+Ebq+PswBZNu4oKW9rgPqT5EOnAXSRfbg+s6S7/S6/HxA0u4dXKxHQeDE0BxYRTfK2WRJY2MPZfMcuHKR6jW9AsgdLLtuuV+jxz95ybDUVhx93OPK8a133Borq4fXkzt/AyJ3j5SHqybGGmzQ5E4iDxQJTkOpvPfsuHfXfV8nD1HDgjeRG7uqrbE4qIVEOUxZq+jxY2Q30SyRjze+kv1LYHAxNbHFELcflG6TrIzMBr5+8TaCyuuZgmLxvrf4UEam5lt0VBdFMuozanO2KNgbAw8EeU9xXFjWm7FUgdOwvQw2uqy4XatY5zW0eOV9F4lca1p503yY1MvZFY+Vtc3lJBOaoKzHkJerVbolww6PpGTuYzlavCvuFz3QpSNi3GHPTP8AZEpaAhva/EqiKWwpbkSR2k96gZtt8qtzkNkOIFreJmls042n5Sl8xLz8KyV5dwUDKS1yW0doU07ldGzlAxyEFMMc3S5I3QmM7QjsfkIVreFZHJsK3DtDdvCqfQKmyUFqqlcDa7AkytzgAUvyJqtETyACrSPPyC3dyhS05lWdkgNfZWK1zI3ONFN83LNFZnUpt5KZGsBsW/ckPCY4mS5x7pLKaJKnj5JYTZRyq1GJmkilJeLKZ4p3FZ3Ayg4gE91ptN233UkqsYxMd6fGdo4TqIU0IXT2DY1HuYA1CoG9A0/Y8LO6i0h5IC0rhwQeyX5uO1zCQu4mNGaMpBTHAyHBwFqh+GXPKJgxjG7yiQt9Ghw5CWlMccE+Er078aKeYoCNLTYvTyiF+ceDaJoFUTALmsCAMqnsLRys3qemOmJ9lrTPaC5euY1wNoGtN4nNcjRKc64+EK7TdgNMXQczFabpJsjGAtdHoHGjIvxiwdlQGe6nBaHIx7BS9+JR7JqQLkS0nHDpey2ODitMfZJtHxwHC1rMGMBlLWjkwb7MdwERDBtb2Roi44X70yg4hplTW0FJzBt5VgavzhwVuHCvJjHPCU5WOC08J3P5S/I4BWoBmR1XHABoLNPj/um1sdTDTuJWbMYdKSlSjrDjLoK04BrQE+wRbqWciLmSCvlaXTnXGLRQ/hjY2jjBCrmx7BpXQ8gIoM9qcheGbkxy1xKjHjl7uydZMALuyjHFQRezMEeXiHbwFns/FeCaW7miBCV5OCHk8JUq0Em0YeJ0rZqBKbtikLQU1i0UOmBpPI9LYGAV4Q8DtN9GylJ1AFEbeFTK0Cz+lqHizMJ2krK6mfe5abNkpptZnU69xtYzEZrU4y5prsstmgMJsG7WrzJO/wAJBnRh4cQOVPYhsZC6KYUAjopKS6KB5lrlOIMNxbyplJr0MbTR7DON/Kb4cgKVDCeHggFMcWN4NUn1ybFMYxuo8lV5M7Q0i+V6Y9re/KEyBY45V8PQpoV6k9zv4WU1YW11rS5z6sLMamSdyNsFx0w+sQ+8kA90qHtkrlaPMYXSH4tAy4e590hT0U1h7hgnstJguLdpHcJJgwljqT3CAHHdBM6JrtH1BzXs5pbTAz9zBTlzrDAsUaWm0lziQBdWp+Q3pI3GPk23kq/1rHFpdgY73NF+U2ixCBymxQvkCSPPflWN9zRStmxzRFLzGYQ8CuyYsOTL8fH3eEfHDtA4V+HGK7IhwaBSBxTGpgvZeGzYX57TZUA7kUluKC0odC5z+yNxsX28hE40bXAWEc1jWjgLowRmsVux68cKp2NfhNJKJoLxsNo2jULo4HNPZXiOhyEe2Cgp+kPhLcWaJpYvgFVtjIPKbviBHZDuiAKFxOwHawEKieDgnyjxHt7KErLaUSiYKGxnd+kXCwVx3X50dEq2BpAWnE4iWHlFxyIctpVmTaiUjRiJGnypB4+Us+4HCvhlBCLkCEySABCSvs8K4jcFWY/hdpwK6yShMiO7ThkII5VMsAJqlqYEo6ZnKwvUBNWghghvcLVvxhzwh34gJ7I1LsQ6ujNy4420Ao6bDE7ILZ2W1Nc6AxxPIHKzsWbJih8r2H9KTyvJ4dIq8PxlPthz4I4stwhYWs7hC6/kvYIqNECyEdpUpzC2V7doJvlJOrnOfkSsafcG0GjuVPfNqnWMjXH5cRqOjOqYp4fRAAm/FbaN9fyR/K4l0roupRt+4DRFGDfu4NLoeF1hp2G1sGRM3e3ubXz6hKx/8L/gbWx9m6iAEfdeVTyWrF5X1B0mPgSg/wC6/ad1xp2Sf+4Bf7V/1jHiL/8ALb7aNg+yw3wbXJfrvozs3Sm5cLSXw2ulw50GawPilFfyst9RA86BnNaCW+mTaknvNG1xcGcR+nrvu2Ox38muyjJp8mTrj4TDTYj7kL9Ocp0GomTaSN5C6aYIJ5pJoW09x91Kzx48rMKvKi3BSRkshrmexlhgHCGDC49lrMnTBbuDSB/p+x3ZepxxYeZF6xNFAS7lH4eLb+yLixBuKa6diU6yEUegpJNBmlY21reFpcMdwhdOxhsFptFAGE0nR0naCIRwrgPleRN45VzG3apihZQ5iqlYC3lHlvFIeVoDeVoOiuWMCyEHIy7tMZm8GkE5vdAzdRS1otF4/BVLW8omFtLEdodEC5qg+NwV2OQByrXAUiwxMEYXNX57yByvZDR4VMrrbRQMNAWbLzYWd1PIPuTzM/F1fCzWohxJXRYWCeZxktL58cvJTRrKcQVCRvNBVVtMXNYIsjEOwnyk2TG+N3AK180ZqihJNP8AW5AtOcRKkItMlLZKPcLZ6O5znWLSjH0gtlDtppavR8Tae3CmnFDYyNDp9+k0piCXBUYUVBoA4R/pUbCnwaC7CO689LdYpEPb8q7GaPK7DtABgiydoXrsT/4hOAxpvhRdED4XcUC8YtghI7BNMaPhQZFz2RcTKW+jEjzbRXj2AjlX7FGRi59hoWzNo8KDWbgjXxWq9mxqU0wkwDIZ7CEjyo+StDPW088pDmnk0VmMxi4sBsUqX499gjIuXcq8sFcpsWIkU6bCWm1oMYABKcUtB4TSJ4rhEdEYsohT2iihYpflX+qB2WDCt57qh76Bsr2fJaAUpzM4NBQvo3S+aQEmiluVIC1w+FQM0F3KpychrmuHYrtFsT6u9wBAqykkBp5DvlOM4F3uSwNDXkldhqCo4w4gpnjv2ABLYHAohjyDyUC6ZqNHiStoC01xyHBZPGnIetHp03tFpqZrwNliB7BU+jSNa4OpS2WExAC0xA+FW7HHwmJi5X4xLsOAoYACihFwptjDVPhYbhpiaColPtK9c+zwVRO+mn+ElDRLqcga0rMZ8hcSLTzVJPabWYypxTvlawQCdvKodA14qldvDuCeV6wAmgUuSO7B2YbWc7Qi4WNA/FERxWFdHjFK+NM1TZ+x8cSHhqO+wY1oO3lXafDR7JqGD4TYV4C5GUy4ix54KXTua27BWv1DGDuQ0LO5uPW7ilbFdAcjMag3kkdlmc1m9zgAtZqLKtoSpuGXPJIQyDTMo7BLnctK9Gne7lpWxZgCvxFqTdPvk8rIICRjvsdruGlFQYbweGlagabbuyYYeklzh7QmOKwWn2JdL02WRwG0rd6HpHpgF7eUZpGlCMtJaFq8TEYALAUzgg+yjExGgNAaj2QADsr44Q3sFe0AcELV0EoivIhHwq48dt9k0lY0+FU2NtWFxvEhG3YFFzu6lIasWhDJ35WaaiT3d1+gj3EWqi6yjMcgDlAzQ2FmxlqZfar9UBlKkSWUS6OQU1t+VfGFRCQQiIyAs0JBDW0F4aHhfmvFd1EuCw0qfXKoeLV7yKVJWNHFRFBQdR4Vp5CofwVpiKpI/heR+3urQ4Vyqnlu5DppYSKQOU4NJRJdxwhchpcCsOB4XklMsVyAhiIR0IoLUCGtcFY1ocqWe4WETGOExI49awBfnxgi1aAvHDhbhqBfTFqswi+yKqiOOFVkP9ONzncAcrG8WnJb0JNUa3d6YHdZrWdkUjIQwO3eFoRIMnIc8mx4Pwqhp+K7LGRlSi2ngFeHdZysPSqr4wKtHwS1vALW1ZChrePpGE92VPsdKBYv5WpxHwbdzfcCK4Qmo4mBK0mXEEl+CitslZHihddajLcOLdU9Y5eTuhxbZCDQ2FV9OdCzdQtGRJqGyNx9x3e5dNn/APpvEDvusGGI/Lglw1LpyKM4unzNhfKfbsPlTRXE9B2txzMJ6b9O+ncCAtyMszOPdzzypZH060qdrnYOa5kn+na5OdPw2DB2ZzS8AWJPNKsYeG8f9HmPicTw20T7Juct6Zz3P0Xqzp/KP2b3TweDdp5071RNkRHT+osdzTINtuC2kDNRxGe8/cRjt5K9mh0/PF5eAWSf+bh2/hKcdD+XrGjC5/SeJpIORgMYI3HdYVeksp73c1fZdAg09wiMRLZoD2vwkud0/NhvfLAP7fegqfFeWaBbZsMF87WOBPlLZ2DcKCLcXeRz5CplJs8UF67fR5i6YC1oEvZOdNh3Htwl0MRfLZFrQ6cAwDhYothyl0NcBoaKIR5aDyELjURYRXb+FRCJO5FjArI/KraVNpT10A2WHshZzxyiSeEJkHuuB0GNGwhZWUTXZSdLtcQoOmBaQShZmlfDeVOOQX3VE0ja7oVs9E0QsijOQ8jlHyrzLx3SOLKF8kFEDIvyjaOUg4vHNod7hyoB5PNqD3cJMh0WD5BHKS5rA6yAmk7jyl8zgWlL0bESPjp54VjYdxBpXPFvFoiFoTqpmTWgjsYHwrsbBs+1GxxBx5TPChaD2Cp56IcUCRab7RuAKJZjCH8QmrIwBwFGZlDgJbemYe4bvbyEc1zfKXxOoUr2ElBiD0vm2kdl+hLQV4AT3XreCsZmhTCLtWt2lUM7K5nZCaixrVa2h4UYqVorlcGmeilGSqXjnbSh5pqtdh2knEAd0Hkyta08qqXJoGyk2dmjm3ITlJBc84o8pPlPBvlCzZ92A7hByZJcDyuwxyQWx4aSdy9lyRsNGkllySy+ULLm7mEAoJdCvY/xcv3d05gmtvdYnDydrhytDhzlzBRWxkFg+jls91aZuO6AhdTLJUZ5h6fBWm6QzskMa47lkNW1Uscff5TPU5yWPFrDau1z3Osk8pE5YbEbw6wCR7kZ98JBwVjoInAhN8cuFBCrAuIzkyLHJQk0grgrxwJBQsvAKoh2LfRezJ2jgqbMy3VuSov4ItLnZJZLQce66UTkzbYuQ0u78rQ4OTwKKxGlSbhZK1GA4AClsTmavGnsAoxk4cKSbFlGxWNyNruCmJgDUkk8FTjN90PjybhavHHZEMifpXhrSUGcoAlX5LvYUoc73FBoWm47WhcmTgq17+6X5EtE2g9BMTay8CF1LE5U5D3BavW57jIC5/qmQWSuQtmBXr+/hH4jt/grM4c7pZgAtjo+O4gbhws9gtjDEgLm8BMsfFIFEBFYGN7RwmkWMPhGomaLoIgy+EQW0L8It0FA8ISY0E+EULlIHyAb/SRaowbHV3TyV/HKQao4+5PS0XyMxkxl8iiWtaK8oiVwsoF8gLylTWDa5ci5ou0XjRghCQvBCYYgsoIvBko6Xw4we7ik5wMMNolUYrAeyc4jKAWSkHCj9GeBjgAGk3hhAvshcKtoTCNLTGutIhtpeAVyVeG3aodwV2gOOHj6pDyHaCVZK8AclLM7JDWn3IWzMPZpRygy9ATZzefcoMzGnyh5GYNWuV7ckAVRSc5jQO6pdmjd+S7kYaQZG5qnCS8pFjZO7zaa4kwrusczUhpEaVoegjkMDe/Kp+7aD3Q8w0hoZgByV+EwPYpJkZd3tKli5BcRyu+Q3B4DfFqLjSHZJQu1+MoRczMLdwpUScnhetfa/OKxzMRQ4nmlUbtFCuy8Md9l26cVNYaXrYw61ZW0UvOxWGMlHAArmw8eF+h5RAHCOKBKWgN4RMdAKsN5VjeCmhFg+V+JBC/NNC1TI8Brisl0jUjwnlwBQuewSwFpdQ82gm5rpM5zW/gw0iyPWaST7bteXf5efVFVVP6JJJGYg9GEbnHnhDsZjveDlyku7gDsheqdVh0syVQdXBXH+pfqFkz3jaa65roEBeXxcnp6CxLs6Z1N17i6AQyIDi75Wex/rZHkSiKLDlkcePa21kunNKxtRcMvq2Z0jzy2NbSDU9A0tuzT9JgDm9nObz/KerFFYyec5S/1Lma5i9TSbNYwZ4ovBa3lPtH6f6VflRPbBM1zD7S4UkbOuG2P+ih2j4anmndc6Y8bc3DY0n/UBSyM4tiJ/M+mb06fiyQEY85oihysL1NpGbgPfkYrwQzngp1/W9CzoA3FzfQf/PYqhj8+NrmSPbl4Tv8AWOSAnS4tdEm20vfwwOJ9UJ9NyDDntLa4srYaF9SsDUp4seWA3LwCVhvqN0tpuS774scYACdrflcR0PWJ/wD6oZj4r3ekyWm88gLFX9WymvyFb1+n3Bj48YG+J3B5AvhWvoNcx9FpHlZfo/Khdp0LpJniUNF7ijdS1LHaJNshLmDlKjLix6iIdZiihzCIz35KCdDv93yln3rsrOkdZ23QtNcZ7ro9l63jvlFaRXLi3hbjY4HhMsSH3m1Xi89wmUDAOy9CKRM28CIIg1tqzdZrlfo+1K3aKTEkKbZFoUuygQQol1AosB5F27hBZMoohePm22luVlCncrsB5FeRJtJJS92Xyef8ofPzg1pNrO52oEA05KZvs0M+cKPKXuzwL4Ky+RqZAPvQDtVoH3o4oF6jcQZ/N8hNMfKLqXN8XVwXUXrW6Znska33eEbQKbNbC8nuVearuElgy2ltWi4pS4d0mUdHwZbKzdfZAZERbaOLqVE72lpCnlHB0JCoRbpP4RkEIHKg0AOv5RsQWLUMbPzGi6ATDFYEIKBRMTueE5SBDwKHCjJ2pRYTS9cLCYnoJWCAUREQSg3WCpxPruuA0ZCqUR3VLZhtXgmFrGDoaz4VrDwUE2YbgrY5hysw1MOjPCnuIVEMjdqlutdgWknv+UBkycmkTICgp2GyuSMYBkSGj3SLUYy4ErQyx+3sgMiEOaeFvEW20ZCUvaSB2UY3k8J5Nhgk01CnDLTwxasR2sSZMLjdpVkn0GmytRkRkX7Vm9Xhe66CTagoFGJlW8crS6bkkgC1h4X+jNTloNMzGbe6mU8HqJs2ZFsolC5OTtHBScZvHBVE2Vd8o+YLRfnzbgeVnsppeSj5nFzSbQbSXkgeFPNmxI4+LvpOcPTN3N8KnEYWgWE/wXU3strWhNg0ekhwP/7QGdpQa08crTCT2khD5HuabFqyCwS2c21GJ8DnfCRtJdPz8rda/jNcCQOaWT+zIkJTVHQNwcaY8EBvZarT3bWgWsfiNMdFPMGckgWu4HczXY8nsVrAXOtAYbiGBNcW6NhYlhyehuJYCOsbUFE5XFxpa/QyLIZb6YUmc82Uxy3EtKVm7KWHhuZxVpRmOIv+E6yRwUgz3UHfwuNM9qhJYSsTqkZfIa+VsNQfbHLN5DAZh/KCZyI6Hp5EgcQtzp0YjYEn0praHCeREAUtrXQpj/T2sLe6YhoA4WewJHB3PZOopQR3ToozScvYpZOwEnlHzPaR3S6auSmxQuTAp+LSHVj7Cm+XJVrNapOXAgJ0UJfYlynU5LZJaeic1zq4STKmIfSVa8KKuh1jzpvgS24crL6eZHkAchafBgcxocRypuXRRH7M0eO8NAKZ4kwPlZwSEBE4mQ4OpJcj066vqbXDmHAtNIXALMafK5xCeQOO0FcpCZRxjQEUh5nAblX6hAVMr/7Z+VvLoSwXPyA1iyuqZt2AU31J52mlks7c97vCRO3EZFaCy5TiTXyrMbKd2KpZA43YRUUBA7JcbNNkj2fJ2tQsU7nu7r3KjdzwqsVm08o3LoV+jrFnLAmEGdXBKTscAxUSSlpJBSJTwbGGmgk1Gh3Qr9Qduu+6S/cE8Er9vJ8oPm0PiaWCYvbdo/Hk2juszjZBazkopuaQ3usVmA8TWw5FirVnq0VlcfPJNX/ymmPOX+UXzYZg4bLfCmCaS9klEK9svCL5DMCgeVe0+3lLhLz3V7JbHdcrWdhZKQFW2UAqvJfTe6FEhVEJ6CxvFIDVIwG2pRA8kBMo72qiIBcwqYoqqP8AasaL7d0zejtwmKAKWa3McfDJb+RTCaWOKJz3uAACyOXqf3OQ4EjaDQFqTyrlXDCiiDkKsjNnx5LDCSeUy07VsrI274S1g4tF4eLHMN8tfKq1rPiw4dsIAsLwU+T09H8w4z9ZdRnOpjGhk5d4BWb0Lp5mFWRkyb53c38Jvq0bdW6lfkZDaER+btfp5973NbQYOwRyniwHiESECh3/AGqiHPPYqmJx+TSMY8AKfs1dFYaQptBPFK5rm+eVc18QZVcoOzdBw5zAdvBTPStdzNOex0EjiwHlhcTaVymya7KkWCTXPytTkvQMkn0zoTdUxep45MaVox5ntI3HgFc66U6BdpPWUs7miSMP3N4vm+6tbM9oBDyHA2COFptE1mShvkHqjsSO6f8A+iSjgmPjR5ckdN03DbIWlzNv6HCF6sxHjFMuO0Bobzws43qmWHa159w+PKNd1CMnCmbKbBb8pcG5JMpnDJFOh4LJcJsgHuJ5TWDE2E7lf01C12kxvaOHGwmZhr/Svo6I/VHj2LZMBhhI7IuFhb3VrI6HZXRsJu1cukIaPI7pXNul+azila1qYmKYO5USu2hGOahpm21EmA0Kp5rJ8JHnz7d3KZalbLKx2rZuwOLnfpcwF0wfUsq75WeyJyS8K3InL3mjwq2Rb+T5S2NEmbK8k0ClOVM9jTdrXTYzCD2SrNw43McDVrP0yS0y8GoESEcrZaHqbg1v8LMSaYGPJaE302F7NqahTR0DTcoyUU/hyCAAsro18LRwg0OEMhkAx8xIXm/dShRNK1rK5U8h8OiZbuaB8KbDtFL8zi1IN4SkM09DijMR1dwhWN5pG47f0mxYIW0q0CwVFjeAvZDtajTMwGkABKGfMGkgFQyZ6JFpRPk048rdBY1OUAe6/DLFrPPy6J5XsWYL5K4A0oyeyJinAF2s192CBRV8OXbRytw5M1UE99kxhdazuny7m90+x3BY2MitCJG3SGfHdo3bYCgY+eyBSwPiL3w7gh5MXgpsYeey8fASEXIHiIHY9eFAYt+E6dBXcLxkQvsh01QM9l6YHDskGfpPfhdFfAC38UHk4bHD8ULeo5xw4ZrmAYHuNHugsKZ0ZraV0zqLTGvDhs/4WTl0prHGm9l59mpjoPoEikLhfZeSvIRLMYg9uym7GvwsTOaBmOLmqzHjp6k2ItNUrANoFoOXYvcDYmCkbA4gUlkMvNWjY3UO6bBnbowZIQ1UvnPIVbZPaULNJ3VkJCpewPUTuJSKZnuPCbZTzRKUvkIcQe3yqoNCG9ZdGwbQT3ReOCCCOyCa8ObweUdiHj3ImjkajTCHNaCtBihm3uFkcKQhwop7jTU3koH0EhsS0divPUCXGez3V0brHdLTGRLpjvagzDyUYBYXmxYN01WU6wVnNSJF18JtkZBo8rOanOeTfhDoxoQ58hAdaU218nKs1TJcXOpLseVxl57JcuwfRqdKqgE5YyubSHSnixynkbv2m19IS2HY/ARbJaHdLBJtHdVPy9t8p8UA2NzkftVSyAtSuLJ3u7osn22U1dCt0BzXXazWePyWizHAgrP5wBDlrfQUY9mdy38kJd9qZpr5Th2Nvk/SvixRGQaU0+x3pFmkYTY2tJHhPI9u2kFjj20Ai4YneeyBxxBwljJvZuHHZWYMTi9SijJdt5pPtOwBxwppo9Su5cQnTIDfKewxEMVeHjhtcJkxtLlEVKeg3okhUSwEBwTZjeOyhLHYulrj0JbMxm4pcEiytP5JW3yYbaeEpysUbTwpJwZyeGVZhFo5Kt9Cmo+ePZaEL1kIHOQDLjl18IL7YsdynDnj5QOS8Nso2sFr2Cz0xvdBTSilVmZg3EWhfWa4d0px0dF4XB3Nq0TUaQPrNB7quTIAJorFUE5DZmWGurilcJi4+1Zt+Sd3BR2FlG1rgBo8x5KfytDp7ySK7FZSF9vsFaPAmaI2WeQkyrfs7kOmklxVoJAVWHI11kohxbtTYQ0zSnfSmyaiqJR3IQxcQU5V4ZyGkjg9qray0GyR57Jhi8tG5OrgA2F47KaExhPtQLCAOEXA4UqIxMCQF7W3+SvzXi2g91TqWQYIXFvLiOP0uskorWHGOsx3WWuCKR2Kw0QOUm0WRkxL3FXdQad67ZJpnf3HdysJl6o/RZg1kvs/a8G+btlp6VUeK06XlagYWe2w1oXPOsur2xwPMdb2/Kzerdbz7CBJYI8Lm/UeryZbvdKQDyupqbCnNI22l6g/JxpMl/8A+Qq9koJCznSE7XaW+EyBzxyAncLkuyHGWMDly9DKORoJRAeK4SwPryrWZLR5S2jkw90tDsvzZj8IEztJ/JTZKNv5IWg9DHPBVRl4IQxmF1aj6gPlDhyaCmAE3aIZKYyHgD28peJgPKk3J7gkAHva5R07f4Xar1NH6jWbdrh5VuJ1B68bI7H9zjgrDajvzNQfBijfJfFLqP0x6GneWTalCWtJtocrIVqKRk7DsHSMO3p/FH/xTgx8cqOJjsxIWQgUGCgFY403v/Nr2aHsTzZpaVbRasjaOVXvFqYfwqYy0UySg51LwuXhITELaIuehpZKCnI4X3QkzxfdEmKkhVqrtzT/AAuZdSycuHaiuj6lIPTcuYdUusSEFbonOxNFk+4hMGZNRjss9jyfvlGesQK8INKIR0NlyjZ4CElk3qovtSjBK5PWG4k2M3iiCmWJA3ilRjR8I2EbDwmoVKI508+mQtFjSbmgrJ42QOxTnCy21W5DICKHoKuBG1LW5Q9P8l79xY7qeQ5DNnJRDW2Esw5+aJTKN4LeClhl0UduR0DKCExrJTCIcrUEolrW+xD5BO0o0DhU5LLYaRJmYZfU37Qa7rPZM3BNrQ6qwjdaxmrzemDS5PDvZ5Jl0TuKEOqND6SPO1AjykWTqRDzyUSkLksOiQ6o0DuP8o7F1EPcACuUjV3N7OKcaNqxdKy3pu9Cztmi5DXM5WpxCC2xyub9PZgc2y6+Fu9NnBYyilsdAfRuBCtAFIKF9hFNdwgH4SUh2peMIU+FpmA0jOSoMYLRD6UAhZpINsKiWO0S0heOaCFyOwzWqYe8HhZ6fTiSRS3mTGC08JZLjc/ip5xTBwwsmkODjSh/SX1ytrJij/xURijj28JDiac+ycNzLJB4SiV53keF0fUdN9RjyG+Fg9YwnQOdQ8qeSaZPKWAsTwOUdDO1zaSFznNNE0i8V4AsuTYMU7uI63e3gqiQWoRytrly9MrKNuVMWJldpRNF7ST8JHmkNJoJvmZIDTR8JJkP9S02NgpWA0M+x3JTfHnDqorPyMO+0XE9zQKKojZpRCWmpx5w0jlNo8wBnHwsbDkm+SmDM0NaKPhZKQ1I0LM231abY+RbQsTDm3KKWgwsolqRzKIwNLDKCFbvHwk8Ezg3lFDKNLeYzgEZefRIDglOU904NFLoMoznkpxhxhw5SoPkZIQT4D3k0h/6c+M2QtnHiM3cqOXixlhAT1AQ2zLYrjA7k8JizUGgclDali+mCQszm5hjeWgpkEAzYS6mzb+SXy6k17iA5Y+XUXUfch489xf3TFLBeM6Lps+43fKdSS2wcrDaHllxFla2FxeF3PsZGB5kAvBS3KxnbLCaOsIefc5vC3kHxWCdmO4Ooq57NjeaVzmOD+VN0RLUGrQeLZHDiD6NJxBBYHCH0yEcWnuPAOFjCUAfFxRv7LQ4cIY20NBjjcmUEftS3FMYugmAIyNqqgZ24RcbaWYNizwNoL8W2Fdt4XhoNWYEwGViX5bOHCk1krygctvtcfCVKItmW1AU0pI+Tk/pPdSHDlnMghpclpGaRdKL5QefNtjPKjkS03uk+qZW2I8ouOnIR6rn7JTyhYtVabF8pRquUXSkFARS1L+lqr0LTVDMD+xK99UkXfKDxNr4xt5KMZGT2CZ8aSMUiBkO5MsB5BtBelThYR0FNS3A3RpFkbP4R2LqIDg0FIJ5S0cKmGZ3qWEDrWHdnSdNzA6OyUzbMC3usXos5cyieQtLhu3NHKKEMM0YtNi1D0y8lXwMDhQREUYtNUNB0Hx4DV0imsdVI2CMbVItACfGKQOg8DTdFGxNryqBW7hWPkbDGZJHANC5tRWhQ7eBBI2X5PZBZcT63SO/2Q2nZsuZlPIbUY7FNsnHEsYJcbXkeRe5/VFtdePWc06w1MY0MjWuo9uVxfXcszuLnP4vyujfV/H+3ZI5swaQLolcInzJZWlrn8tKRTD+lUpYsJ5UzdzhZJCR5zTKSEa47zu8nuoOa3yrIpRZI9YNo+ZJpmcx+4mM8ELpME7ZoWzRODmHwO4XOBAZpNjGOc49gBZXZPpf9MNd1LHMuS/7THePaHiyUu6rn2joz4iJ8pF+ULLk18p71h03n9OZr4MiNzowfbI0Xay0pBNXz8KL42vY1TTLjkkf6irYcv5clrwotPHBWOBnIeDKHgqX3NJG2Qg3avE/t/aFwO5jcZA23fKG1DPbj4z3PIqkA7IDWbj2/Sx3UesPnkdC2zH8hOpocmDKzF0Faf1O7F1R08TCXg8GuFvtJ6217NngmbnOgiiI4vhc1h1HHl0F2NHhhs7T/wB3yV0T6RYmmyTtOsCZ+5wpm4Ur5xhXHsVHlYb/ABOv9Xk1vEdIXZEXDSIx3XdYJhmY0U9Fu5gO3yEv03QNIOJG/DxYmcW0gI1pOK6nn29kNFyba/DZVYUvc5rzfZWNl9oU5w1zQ4cg/CDyDs7dldBfpLILD7CqkkIQsUxN8qRtydFi2yEzz3tCv3GyES9pKqcKHARpipCDVg8NcB8Lm3UrHjeCOCusZsO9p4WP13SvWDiQiFfpyeIObMQmTGEt5BTGbR/TnJoq+PCttBA0U1iprD4CJgjJoUmTNOrujIMQNrhDFdjGBQwEDgK3YWcpoImtConYKThchY9xB7q/HyHM7FUTghVRu5QNgRQ7jzTVWiYc0pI0uPYq/GD7NqWdmDoxNDj5dkAeU8wZdwFrJ4cb94LlpdNaa5S4y06SZpMXsKR0YIKBwzVI5rqTjosJHLSoPFNK8EnB5VMkvFWiRzEWstGx5+FznqB21p5XSNWcDFIuX9VPDWuorGCpYYvUp/c4ArM52Q6zbijdTyNsrjaz+VPu3LoLWdJ6eHMcH0XGk40TOPrM5PdZay51hNtGlLJRYT5dIWkdu6XzhsG4+F0nRctrms5XEOnczirXSuns0+wEpDY6B07FeHMaQjY3HskOmZVsaLTeOTdR8LExgXuFLz1QBSqvhVSPAC3TtCmv3Fet7oaGUK9j+VjZ2lwFKYbY5UQ5WNcFjYRWWcdkNLF8BMWiwovYKQtHYKnRA9wqzGEwdGDarMQvlBxMwXTR2HCuFj+osAOaaC38kYonws/q0O4HhJsgmS3Lo5HqOKY5HfAQsXIWm6ggO99BZ1se3gdlPmHk2yaIlzh+JKrc+T5RQYD2XogJ4Rpsk+Ri4h73USVazFcQTSZ4+nFzrKbQYADE2Gjq25GTOIb5CqngLOwWrmwwHdkvzsW7oJ66PToTMvv2uIKsimPyv2ZCY3ONICOepKPylSs/D0IwHuGC998rQ4b9oA5STTnihwn+NHuaDSBSKFEZQyktVoP8odg2t5CmHotCwRaXKbHK1WA8mlkNGaSRa1uHw0J1UcJZDJjza/TGmk2qm2VKQd+VSsFMUamba61z/qB2wuLflbvUz7HLBdQUXFZvEHjpkpsx4eRZROnyukfyUDkR3IUdpTKKS59mxremy0JxBbyt3hH+0CsNoraDVusGjCAtVqG8GEMaHd1+lZtCtjbwaQ07yLtDK5GqBRKAQq2yMulTkSd6QD5iw3ZSleh8KdNVprA6qTvGaOxWb0HJDwBafslAKdGzkc6sGBIHZGYr3EJUx+4pnicBHomUcG2P25RTSAEFC/hENdwu02JeHAhQkIpRDlXO/wBqFsNlUrwPKAysloaQrJ5OCkWoT1fKW5AMB1WZvupZfOmHNFG6nkOJNFJJdzyeEh2qIAFnTP2HasvquU9rKcVqJo7BBJWb1TF3sNi+VsL4sJp4Y3OyLkVULtxPKu1TDcx5IHCXROLHlXVtSQp6jU6TOG0CU9Y+x7VjdPl2vC0+FNuAql0ngURhHZdyjIW7j2Q0ETpHgjsn2FgOoGrUdluDUhXPAfhQxYHGT8VqDpheOArMXSXByn+YJ9gmBAWdhS0mnRkgKuDA2ppgw7Cn126BgXjRkBHxRcLyCOwOEW2OlZB9A4VtO3hQe/lXFiFyC1oJdxXlHGSXbB46W+oyNhc80ElyHv1DK2NcRjjyq8ueTLf6UX4DuUz0zEEMOwjjubXleV5etxRZTTnbGOEyPHhY1ra+ShdV1iLDjcS8fpUarqjcWAgNvhcx6j10zyBga4C7XnctLVFIwf1e1TI1HUHAvIh+PlcxghnmyNsLHTSHgMaFues8sPnEdW++F1j6B9ARYUDtX1SNr5XcsbI216Hjx0kunksRw2LojqPJiEselzBp5Dq7pro/0o6s1ORrTpxjaf8AW5fZcTGAH2RtHgbQrGP2cAgD9BVqlsUps5P9Nfo7p3T8MeVrEX3OffY8gLqDgxjQyNjY2t7BoRBeK4Qcj3NJ9yNRUfYAs1jHxcyJzc3HjmYe5cOQuK9cdDafulm00+k/vS7Dqs3tIvlc36myC50jXElKmoM5SaOKZmk5uNKWgB6HjwM95OzHta7PftyDyp4M/wDcHAKndcWN1pGXh0HVpTQxSL8laHRehczIkjdmvDWXyAthgPcWCuE6wA4c2UcaYi+R+w+idE/pkmKYwXSN/M+CuDdW9F5+i65PFHjGTB7iSl9JYpcW13V2o4EWpaZLjTNaS8UCR2Tkkl0Dp8lw4QZPbwNg8J9o832k7XxuLQDwj+sen59E1J8b2n0yfaaSnHA4A5AU1usfW+J9IfTvrCOaGHHkl9wFcrpUoizYuDdjghfI/T+qP0/NY9t0P2u/dB9VNzIAwkbu3JUTbiynqaNOwvxJHMlB2eLVGVICbtPsmAZmPZrdXCy2fDLh2H2W+CvV8a9NYyC6t/hU2cteR4TGCS2pVEL5I4PlNMdvsXoxzOiNlworwsB8L1rLVjWokgWBTR2DwlmVihzSNtrROhDkM/HslF0A4v8ADB6hpdkkM5SxunOY82zhdFlxA7wEFkYDSDVWhkFDUYeeNrBW3lVNoAkrQZunO3FJsrFc2wl+hqbYvmyQCQEK6UuKnkQFpJIVUbPlY5BqOnkjW12VEcLjJYbwmMUO/hMsbTnOqlNbdxRqgLoYLA9qJixTuFA0nUWnED+EyxcCgCQvJt8rXiKIw6E0GOWlvHCdaewDuiDg2TSux8bYVtXkPTnHoOx28ikXdKvHZwpv4Xq1z5InlHD8Xcd0HPJtJ5Vz3cFLsySgnpaKbAdRlc6J1HwuZdWbg1xK6HkyW1wWD6qj3RuXYKcjkWuPc2c/BSOUk3ytB1DCfWKzrzTiigg09K22EdgvLXg2gC7nhFY4ulsvRps9EzdhPupdB0LUgDH71yLAcWlajSM/03MslSy1MdDDuujaoOPetbh5zXRD3Li+i6oAxvPK2mm6pbRRWphs3py/b3Q8mYATZWfOo8BUPzt18piWgmpgyg53BTGGYEjlY7Cy+e6eYk90gl0amPBJz3VzHpYyVXRylApB6NWv4VjTY5QEcnHdFRutbpqZNwCpIFq1xpDuK7TGVydj8JVnUQRSZyv9hSrIfZKCWNCLFqMbr0I/uGvCxD2uEhH7XQtaaH7x4pZD7S5HKRx7PJurbYDEwkgpzh4rXNBItVswXD8RwnGBEGUHJkYtCF47ZfhYba/BFuxaH40jcENo9kbJG0x9gqIx6LKqMMvlwDkgJNlxU08LW5eMBZoJTk4u8njhElhdXDDG5OIZiW7e6XDRHHIHt8rdRYPv5RsWnCwaCRKvWWJ4hHp2hUxp2pyMAxsoNWhwsUemO1oiTFodkXxG8zKvx9rTwhTE6zwtFkYh2kpeYDZW8DeZktBjcSAVq4IiK4We0YbHglbHDkjkb27cLYSEyIxR2vZYu98cIklrTY8IPPy20a8BN54dGvRFqjPY5c91+95+AtnqmeDuAWR1Wp7/AJtKlYPj47Ms5m5xRumxhsnZWDHAJtGYcIDkmU9XRvx8X2aLRWAkUtjhNPAWQ0h21wWz0whyQ5NG8UMI2008IPJhc601jjthKHkAF2lc2zOOiCaBwJtLMpoqlocgg7gk80W91JTsxltMAnQ7aRS1sER2AnlIdHxdtFa6Bg9Jv8L0PHbF3dPCGNFzZCOaSzhRhaApzDlWEMy6KU/KKZKaSgOIJ5REMppBKXEWho2QqEziWqiN/C/Sye0hTS8hDktAsp5DTys/mlzyaKb5biWuSxsReSvPt8vP0ziZ7MgcXFCOxXd1qJcEk9lB2DfFLz5eU5BRrRkn43yEvy8AuaQG+Vt3aZfhUS6eBYK2u9p9muJyjVdM/O2+FjNQwDC6wu3appYLXUPCw+taOXNdQFr2/E8lCLIvDDYrqPwtFpILngXykWRhvx5yD2taXpeEy5IXoTkmtAiza6HgOkYCQtjp+ngMFtVGgYm2AAhajGhAZwvMs1samAR4QHhXMxAD+KbRRg+FcyMX2S1EMXQ4Yo8L1sGx3ZOmwjbwFRNCUyPRhTC2h8K/uOFS1jgTfZTadoN/irIWcVrMzfRVM7Y0udwEnzpXZDtrPwReZkevJ6bOW+V+hg2tO0KLyPN/+YlFVWexdh4xZLwDQR+bmNiZRNcK4N2xkmmlZ3W5y0Hm15rbfbK1H+CLXtUdtdtfx25WJzs+Pc71SOB3TPqLKa2JxquVzHXtQdJMI4Cd7jSoprcgbJKKNH0noZ6n6yhc5hdhtdbj44X09gxx42PHDEA1jWhoC5l9JtEOi9OxSTAetKN9+V0XDmBFnkr2KYqCPNlPlIbNduq1MkfCGjkAVnqBN5hIk91DhB5MgrwpySWgMokt4U87MCSTEetTOF7VzbqZ77kI7rp2fAZAsbrWmGUyKT5HpuI5Plud6hLgSiNKhe6cfBWjyOnHyPTbTOnDE5pITIvWdp+02CmiwnuPF7QAFPH05zX14TnFwdrQSFTFANAmK1zPCYxNB78K5mJfIUXM2nbSZ6Mwy31A0Fms6O/YwHJb+JpfO+VBNp+U+GdhY9pogr6vqjYPbuFxz6s9OOfk/f4rQWuFvoKezAlqOdQycgg+VruktYkw8puyQt5Cw+PJRo88pzgPAkBHCksWofVLD6n6S1g5ePFvfZpaPJxo8uHbI2/hcQ6C1v0XxMLj4C7XpWa3Ihtp5pJhPixtkdQinwnY8u3advyiGNDWp/PGyVlOHJSbJxzDd9ivZ8byFnZ51tX8Kwb/ABREbbCDhPuTCHkK3UydI8DeF56aLZGKUhECs0PiK54+OEKYwQbBTuWG7Qr4aBXaaoCPIxWkH2lJs3TySabwtcWc8hUy44cEuUujlE5zm6e4X7bS2PCO4jaujZmn2OPKROwfTnNqC27ixsYijD075an2Bh7e4RWPijhNsfG2gLyrvJ3rRsYA0OE3kkIqPE44CNhiKLjhNLy3Y+QwV/agXwojGo/inJhUSwAdlXTPfZjQrbER4Xrm+02jnMVJZyQvY8e3EIlAT5BLbSzKdbbtNtSbsa5Z6eXhenXLUSzWAGYS0u5WQ6it0bitLnziystrj7jNdqTkKZzHX2H1HlZGXh7rW010W5yx2Q2nO/lYjYsHqkTjuIKHd3V0HddJhjSBxCZYMpaRZ7JVGaR2MOEiSCXRrNOy6DRfZazTM9zA33LneJIWkWU+w8ugBaFR7D5HRYtR3AEuV4zBt4csXDlmgjmZDj5Too7TWYed7/yWj0/NsD3Lm0OUWu7p1galtIFoZxNR0eHKvm0dDNuWMw9RBA5TvDzQVMGaNkiJjm/aRszB8oiPLauTOQ3dKflUulPKDOWKVbsocrtNLcibaDylORkcmip5mRwUpklBJNpegtaV553NNpPCxhkKKzp6aQgsOQOeV0RDp1jfGia5tBqLZhgtJAVWG4AJpiv3cBOSOVJRBG6OkcCdqg8AOK/Rm0yIUayGTHuCBkgHZMieDaCkmG+lrQ1LAZsIBRUTLCg94sUiIeyEYmHYjapHmMOHZBY7qR8LwUaOAcuD2mglZxuTwtHNRCDMbbPCF9AHHsXJczuE7wNULRylfojbwFKGI3wFNJNeh0UmzQnVQQbKUahn2HUVS5oaaQeSAb7pbkyyuCFmZM5zjZQtcXaszB7ihua4SJTKkkkQdECSURjsDeFUHV3XoftNkoYtk1qG+I4NcBa1mkyURTvCw0DwTutP9NzA14BWWPRKWo2vrv2j3IbIlcQbclZzRtHPZUTZwI4KV3h0Y9l8snJ5ROBEHutwtJBPud4taLSxTAQlwjr7LY9Ia4kIDxQoJ7C2owk2PYcnWObjC9elYS2vvS1q9k/EqHIXjrLSqUiKQLR38IuJoA5QzWn1EfC328qa/X6AiejgcKl55N90VXHCj6W5eVdGXsoj0ASN38UpR4wHKNEO3wvxbQXkTjLcYQM7HaQofbfpGMbfdWUFTT4+rWBot+2VT8Vpafam1D4UHAEHhOdCSNTMrm4gId7fCzGpacHA20ro00Qc13CS5uFuBoIFJ1+jGtOR6xoYe4kMK96c0x0GSOCAF0PI0suskKiHTgx5dt5Xp03uSxiJxz0OtEjAgatHAzskmkt2NDSFooWiwn5p0WWMYFYxg3dlNrVNratY1g1dkqDW0AqJAfJV3NG1U4tol3hD6OS3ooe0Vy6h5SXKy3PmMbDbBwpaznBwEcJ78EhAwgtFUSflRX3tdIsqqxaw7Gh5tvco0M2ofBI283aKJSYLe2MfQvzn002sX1DknaaK2GoOG1wPKwHUxDWnwib01PDn/Ueo7WTbze1R+lXS46i1eTLzGE40NFpI8pHlQTa11FHpuPuLpXge3wvpHpXQI9B0iHEjaBI0AvryV6viVPNIL568DY8dkUQbHw0AAL1k3pFEyMNHivKAyhtslWyj1hMug+LMvyiRPYWZbk7ZSLCYQ5FjupJtochoZLUXe4IRklnuiWm+yV/sGiqWKxwUBNgh5NttO2RWFa2D9LVVp2mbj0iMmywIhmmsb2YFoBjN+FIQNHhUQrwESM04O5LQFL0vTdtpPBDQ7cKmaAHxympGoW7KHCGmguymnpgWh5B3HhDJ4aloqdASEsz9MZlwSQTN9rwQtE0CyFTM33DgcCuV5l9rTCUT5T6x0WTRdbyIiwiEOthpB4Uh27i7su5/VXpz+qaHLLBH/eiFkjuQvnuKR0Uxa4EV7SFlM+aN/wBTonTE7mZEbg41YXcuktQJY3ceKXzdpGcY5YyHGl2DorVmyEAG6SrY/qKoPkjtMMokaCOylNFHK2nBL9MmD4WV5CYfkDfCOubQmURJlYzoZSW/gr8d9NrwmEjQ6PaRaWzgx2QKC9GjyU+mSWVZ2g2Nx4oq7dfCUxZJ/SvZOSfCs5oV/wADj2VMjbBX71PavGu3HldyDKfT5US33Io8BV15SpT6CSBJWA2lUuMC88J3I20M+Lm14/mT6YcUC4uOKspjEwAKqBnikXG1eDKbGo/RN5RkbeFTG2iioyKS02aQLFTKzyinEIed1AqqueGAUooWqWyAWvcmT2FLXzVa9Cm0For1NzTG9Y/KJaTSf501tdyspqOTtJFr2KLdRHZAV6jlgOcs3qGSCxyK1rIG4lqzOVlbgRa9KMk0TMR6y7cX0shkAlzv5Wp1F97qpZqeN7nuoLUbEELbdRReO0KEeO+7IRkUTtv48rpBHjTRREUpHYqAjNWQpAAdglMJBkE5vkpriZAHlIox3IRcJIHdDuG5pqsPMHFkJtBks49wWEbM4O7kIqHIkLx7iu+TA4xN16rdpO4Ic57oq2lIsaWV7SLKYY2JJLXBSHY2xyqZo9P1WQ1bytJgak4jh1rLYWnuAHdOcTGe3sl7oXxmngzXnyj4M6hTncpBjNk7EIv0jt8oooXKLXocHOA/1KBz7B9yQzbmjyq2zVx5RqIvkO5MsyXRQzpq8oTHfyVeWbljgGmCZZ3PPlRxW1ZRE0Kkxga1YohphmE6imuNJTuUhjm2GqRkM/INpqRw7kk4JtQjlJuilkmaAK4VbMq75pHE5LBpLkbWmzyk8+ZUtgobLyjz7klyckizuWgto0gyt3IKZYcpcO6wWPqJBq1pdKzAWA3yhZiZqYnlqOhlsd0mgnBHdExzhvcol0bozll9pooEymzygsrNa1p9yWnUG2fchkzDO+mCzgKMLdt2pxS23lDTziM9wppMdBdk56BJS+dzTa/TZrexIQk04cDRCnky6tgmYOSgHODT3RGTLd8pZkSkJL7HOfQRI/juhJMnZx3QkuUR5Qxmsmymxj0R2WdjzGygQm+Fk05Yxk5abBTHD1EdnGkEoGRl0bRmUS2rUXT890gizwW/lyrWTue7yUHDoNNaPoZg4havSZf7baNrn8Mrm9rtabRMyqae6KuGMpf+vRs4JLeneMf7QWdwQXm1oMf2xhehWiKbCSRSjdquR/CpEn7ThEvQUwcoppoIKF/KLabCVNAQLmGxyrWBUMKujPCkmhiZYW8KiVEFwpCZEgapZ0J9mkA+irGuB8oF0w5UWz8nlDGGLoHRkKorwCwhGTX5RLX8Fa4ajUyL290DOzjlGOdwUHM7kqK2OBoDewURSoETbpEPcBdqprxa6qTQM49BOLEGkcprjvHYnslLJWgWfCsZlMDrvuvXplqEZg9Y7juvXOrm0sjy2u8qf3APG5HJhphpkPe0q1rUm4mPsJG93hfsrNZjQmSR3AWOyp5M3JdKSSy/aFDfbixFNMNY0Y5rwCD+0ZCeOe6CxoTxXakwiIaP2oI6/ZdmBET9gs8L37pvNocyV8IeeSNoJKbuIzjrKdSzWsa88LmvXeptixS8EA/C0PUOdGyOQ76HPlcp1WWXXdbxcHHLn273V/KbTW5MXc+ETd/RbpYuypdcyhbnm49w7LtAaC4uPc8m0v6dwo9O0fFxWMDfTjG79lMWEXfyvoaIcYnlN8npB7ba5I9VO1p5T6YijSRasAWlNcdAbwzUkzmyGvlNMGfe0cpJlHbM4eAr9OyQHEWpLIBRkaeA2e6bYrLCRYstkEEJ7husCkpQwamHxt4V7G32UIhYCIaAOydGJun4MXoZ/lWXx2Xt/rsmrEcQ2GjaokbyUUXcH9oeRwtczUCSsoFByNRszuCgpTYKmtYcSljfcV5IzdfFKUI5NqycgNsLx/J1+go+xXkYzZY3xP5a8bSvmj6r6CNE6jf6Lahk5HHC+nye3HdYH6t9Kv13Q/Xx2XkY9vJA5ISfFk4TxhTXR88YcxsC+fC2PS2syYcnLj3WIDDDM6KQESRuohHQSPa7gkL0p176BrnxZ9TdG64zMxYhfur5W3jk3BfL3RmuzYk8IMh232td76c1kZsAO7kKR7Fj81aaoAbULkRNe0hXNfujFL84dyUTk09QvNMzkl0MxbzSlDObvwm2o4TZoy5vDgEidFIx9EcK6u5voROCXobRSkhEMeleO8tNEouN5LuFTyeCw2+FD/dRa7jlejlInJpBRIm7UZBxwrw0cqJAJXj+VYMRCEK9qg0AHhVvkq+V5PsYi8OolWsfx3Swzc91IZBaOSiSOwZOlAQ2RKNpQT8rn8gqJ8r2nlGFhXlzENKTZOURfKnm5VtPuWdzcur9yqoT0xxLs3M9ruVktUySXGkZmZZIIDrtI5w955Xs0aiacRPqk9hyzziXvPHC0uXjE7uCVTHp1tv0z/hexStIJrDMyYm+yUP/AEsE8LZN041RjP8Ahet0+jyxVqsXpk4NIHPCu/pQaOy18OAB/pV/9Oa7/SudZqZg5dOaB25QEmE5p4C6M7Sd3Zi8/oYPdn/CTKsJM503HIaeCrGRFve1vpNFY0V6f/CAytJDQaYpZxaGw7MmItzhQTbCxLcKai2acWyD28J5gYVEe1Jb6La4Fem6fuPLVrtK0Zr2g9lZo+ngtBLVsdKwg1gpqXjKcSQoj0ZrWjhFQ6W0D4WmZiCvxXpxgPC1IxJCOHC2njsrhh0TfZMxFR7L10dDlMihU1pncrE2tN0kmQza+gFrM9o2k/pZ+ZjS9NSJJxwpxGfKYbdrQhcfh6KmeA3go1HUAmDzTAGl56oI4pLsx5LzRQH3zo3EEoVENMdufX7VJyCwEk8JNJqgrug8nVAYne7lYFo5m1D3Vu5U2Z9M7rFnPLpvzV/9Qptb0UTnuD/KztxJtLcjJLmO2pPNl2T71U2fv7iuBD45nA2CnumZzm7RaykTzu790yxX7SOVxhvYs80KKuOpOqrWUxMh1gWizMaPKyTwJB2bqLi08pUc82eUu1HKLQeUp+8N90pyC6NKcugUpzcsl3B4peTS1aV5EhLip2x6WHk2S6zRK8GQ6vKrjYXnsiG49jgFA1oak0Q9QuVE7d6PZBTeQvBCCCCEuUcD5NmezIC2yg+60WZjBwpJp8Ytd7QUUZYJlHWVNC82OJ9oRcWPYFgp3puk+qQNvJWOe9BqOLRfpmHNNXBpavD05zGDcKTvSNFbHEPZymx0/wD+PZOrr32Kc8ZlXYhaCaRelxubkC09dh+NqJw9OBeHbUbpHq9Zg30lg2i/hO2GmCkBgY+0VSODdopOhHBTkmeSHhByPLXIuQEhCSMsWUe4JkEY8t1ymDZQGpHG7Y7lHMfY4PKzToDGOSz3RUbvCURPN8Ilk1Nu+VPMMOe4NFoDLmsGlXJkWTZQM0455S2t6Mb6PHT8qJmItAT5HPBQ0mXQ7ptfjqQhz4jaLOqSifKdQSh4WEGUd92nGm6iTxabZ46jEyE9ZpHOoFBSyeV6zIEjTzyhZX8d15V1SK4lORJ3pDiXaFHJkqzaWz5VA8rz3HGE30M35Q2kd0FJqOx3I7JNNqG0H3JXk6huJ9y9CieLsnzs1zNWpt3SMxdTY8d+Vzp+pOa2t1orS9RfNkCNlk/pOm+tOinyw12tZBy3txmONeVLAhawCPtShhQkf3Hj3nhGwxkuugCvKsnyZ6tVXFB2PYsFekgA8crwzemzxaElyrvsgTGNEZ5/TslItU1C2kgkUiM7JJB+FktayixrqKZBJsL0hB1TqG6CQNcbRX0H0j7/AF/J1GetkbaBPysbrE0k8jmMshxpdl+juAzSdA3OBD5XWQfhep4sFp5vlT/DppIHB8KG8clBuydxsFVOm78r2ViRDoRNNQckep5HBCKyMimnlZ7Ucnk8ol2LkxdqE9Ocl2Hk/wB/uv2oT8uNpLBkO+44+UqUTos6Bp2VYHPla3TJb7nj4XONNyaaOa5WqwdRjgbulla1o5txoJLWDos3EMkYjskDnuVLIy8bFjLpZBX/AMVx/qT6jafDP9u3NjAb32u7rjnX31Tz3TSQaVlOEZBG61qC5H1aOs9DMzovvGNe3gglGs6g0x0Rd95EN3b3Bfzzl6g1CSUzPypHSu7u3KbOpNW3NrUZy0H/AMluG8j+i8eTDPHugkbI35BVMjmhxtfFvSP1M1fTDuk1CR7AOGk911Dp762bgxuftLfLis9HKZ3WeUC+UK6XjsFltJ640rW79CeMn4BTh8tM3MNtKltl3gxMM+4FlQfNvFFJ5Msh1XStinc53YqGdfJjIsYC6IuwUbjRB8ZY78SKKFhYTRTLH9oHCKvx1uhM+YPq90bkdN69LlxtvEmO6x2CyEL90QJaOy+uOutAg6j6dyMWRm55aTGa5tfI2bh5WkalNhZkb4zG4tG4d1RKOAYN9GkDciMniiuydH6k1jPztcMw5PcC08LedJ5LmEDdzakuRRXL8PoTS81ssQopm0gnvawWg5b9jBfdbDGltoNqeM8GSr/gwdVJbnw2C4BGb7CrlO6Mj4ToWcWKcNQhLtnHlGY7uyFzWbX3XBVuMaABXp1zUkSyg4h1qxrgAqOSvXOoKW+TSNgi4yAKBk+ChXSftUOyK8rxr3yZRGGh5m4KGlltAvyj8oc5XflIjWma4YFvlq+ULLlVaCyMvbfKXS526+VTChMHRlJmVzaFn1TaCLSqTI3OPuQGY53JBTf/ADI1aG5eoNc00eUhzMkuvlDyzEWDaodICFTXSkA5YWRsdK/i0wg0syMsnlW6TEHbSQtNh4gcOxXoVU6TWTMuNGJfRFhMsfRWbQNoWoh05hN0jI8Fo7BenXkSRx0yLtADvxAS7N0QxWQF0T7SmnhDz4DXxmxyqI2IXwOatxS00QrmY240AtLmaaGk01VY2EN/b/KZzWGYLoMAn9Kx2BQWhjxGgKTsVtJbkgkjKPwqPKBycEOvgLXT4gIsJZPjhpKTJKQcejLnT/d2R+FhU7smJgFq7Hjpyjmki6qQw0uDaBxwtVpjKbyEm0xgqvK0OEA0UlxaKHLoOZHY7KL4SfCJhFhTcOEeIBMVvZSGnFBMpm8lL8r8StTSNzRRln+2QUhm4ebTrLdweUjznAHgo4PSa1FbJA0nleyy3GTaXPlpx9yi6b2VapS6JzzIdyUkzPyKOyJf2lOXIDfKziamA5DqJpJszM2BwtE52RRItZ/OlsnlA4nci1mdbib5Vrcux3KSRP5KLiIrkoOLQSYyZOXO7ozHtxCVQup36TXBNuCw0aQR34R8ELuF+wo78eE3xYAUPI5lWPGb/ateHBjr5R0eOLuuyjksa1hQuWnIyOqvPKRGV1nlaLVANruFnHD3FDiNHeXMeaS9sxfJwvcyVxNBRxxzdJeDnIa4YJb2RrWmuyEw5K4RzHFydGroDm9PGssKLo0TG1ScziwlzgOjJiXJYbVHoF3cJpNGCeVWxldlJOGMemmCY+I4yALb6Bpt0SAk+nY+54JHwugaJA0NaK8Iqq9eirJdBWPiFkbaCtdjknkJrHGNgKm+MEcBepCCwjb0RnGO7sj8XFO21eYrcEdjR0Ez44gawYRlg7L3/wBoyWNUObRW/HFBpsqcOENNxaMcgcw7WuNoHFIJaJdRzGw8nwoYGtMc+is/1DPI0PP+Fk49Ulhlq65U0njHRgddGpx+Fb/UWli5xjay58bfdymUGqOcOXIemwWsNVNnDmktyM+gUuGWXNPKolmBPB5T40p9i5SCn51k2hJclxcSqC/lSaLBVtNKIpy1lcuWRdK3TtULSLQOSyieEMz2cgp9lKaw2EsNzhamHXyr5MsFvdYnFy5GuoJozLfXK8yzxV2UQtGOTkE2bSPUc3aCERLONhJPKz2oyF7jS8uzxcZRGeg2VqJDnDwlz827UcxhslKZJC15tAocQsD35jnupvd3AW66QwvQayZwt57rB6C0Sz2+qvyujaVI6KG/HhI8iTXSKvHrT7ZqY5DZNLz7va42EiyNRfFTvBVePqTZnnlR8S1jnMzQWlKZM8NBsqjU8rZHbVm8vUBRDnUijDQWsQy1PWWxxuorHapqb8kmuylmZAkJF8JLm5UWMx7Q4F7hwFRVUtE2TxFmjPZl6myGhuBBK7Lo2YyJgY02AKoLjfTsYhHrn83HutrpOpbSQXAL2vGpSR5N0tZ0iLLvsVZJlCuVmMfOGxu1yukzztPuCv4on5aHZmcACszqOoDcV5qOcadRWUzs13qHlbiAYxysveCAeUux5T6rhaXvzjZ5Quo6mzDw3Tl+1wQSQUTWu1VmLCHyuADe6wPX/wBSRPiPw9Od34JBWA1PqLLzMt//AFD/AEXHsCleVhxGH1GSW4pDQ+KBfWkne58r3Oc7kklCyu5Pc/te25kmxrrIRsOMxz2/cna096+F2BCxvHJVuKwvkoeUTqWLFE8fauLmfJQ+PujeHs5+VxgbJiywMLn7gFXi5rmkte8mM8chNtPy25DdmQ0+n2JKG17TI8apsR26M9x8LDNHXSnUcejZZc9zi3itpX0j0j1phanpuM1k/vPglfHTXmxXbytBo2flYj45caZzdhvgpc60+wk2fZoidK/fYITTFYW8LiPQP1Oly2NxNTeGSsFN47rsWj5zcyFkrCCHBdGqP6FGTNJjAUPKYw0KJSnFk9oB7pjDINpCaq4jEwprdpvkELjH156Kk1ONmrae33xjc8ALs7JOFVlwx5WPJDMAYntIPCydcWugkz4hx5th2jwacP2tJo2q/bzNPhUfU7p9/TPVOUyNjhAXbw7xykWNkW0X3C822HYVcsZ3HpfqdpbG2rJK6Lpuptma3caXzd0/qboJo23XK6joOrl7Q31B2Xn2V4XQlp1X75jeLVzMgOFDysVBnktaHOtPtNlc5oJNpUX+BcP0ZZYuK67KiE8Aq9xMgquEIwlsjmkr0/FkvRLcg4SdgozEbSVW3hvJVE0vi+youimhMAaeXbu5SuTL5PKJznH03ELNzTkOIK8W2tciqvRo7KsnlCTZe0nlLX5XwUBPmXfKOqlNGyQflZ1h3KXOzW2UrzcygeUqdkuLuCVfXSkBBd9mlblBz+CjN7HM57rLY87tyaQSF7O6P40O4osyGB17VTj4Zc7/AHVkZBfRKaYTAXA+EyFaJbIjXR8H2t8LU4mLtS7TBTW0n0HNKytJEDXZKKH9K+OEq6JopWtFFPSTMICEVSqkhFFFg0qJHAA7kxRiDIVz4wdYQEmJtPCaySAHgikLI8E90a4iAQMLRSg5islkUA4LGohIqdH7SEvzIe/CZuKoyGkgkLMigkhMY6XsbRYpWz2AbCpaebCmnCLHQlg70wcrQYg5Kzukv7LRYr+SlKEUURnozgaaV7hwgmZFAKwZPNFFxibpGdqVahTYzyjciegSEj1LMbsIJ5QNJeglLRJqE+0HlIM/LFd1ZrOaQDRWWzs1xBsooJCLQibLqQ8qp+eLq0hnzDZ5QhzSHd1SmSs0cuWCDyk2fl0Dygn5ryTylWfmkA2USM0sysrc48pRkzAuI7qmScvdQtEYuKZXi22i4g6VRAkGgiWAiuE7w9Ktv4I1uilwFRlBKISmJcUF1cJ7p+M5xbtFFHYGgusAxla/SdADWgmMqaSGKQv0/T5XAUfCbYuI+I+5aTTdLa1oBYmH9LabpqVgWmY20Dwg8yK2rR5GnuY802ggcrGbsPysNTMDqsdB6QmMX2Wv1fF4Kzbsf3FdiNKMhvlew0v2Q+2qrHJtYo4zZS0b4rLFpnjt3CkswH+EzjJjcCrYrUJ3ApsDgApPZTeVdFIXAHwvMpwDDyELrGKYrmaCSowssEKMsg3FSw3gyUVFbDGU1y6HukR1VrbaRwVjdPNELVabLSGpYDYzVQC2UrwzjsgsKS2pi13tV8CcpEdOV8VN7qBcOVU56ckB+hUhBCFl78FeMlFEE9lB0g5QtBoqe4oHMoxOJRMsgspXqE9RkAoOOjFLDJ660Pa4f8rn+oAsncQt1rE3BWNz6LiUmVTGRtA8TLc13Kf4eTbQbWUeXNcaR+DO7gIIVvQJ26a+Kc7VJ0gAtLcSQ7UXbnBelXDolnIvY/cUU120JbZYVc2bjlUKOEz7CJSH/pAPYL4RHqBVNducUz8BCsPG3m0a7HLWK3TtrY0Q+3hTW7+D62LJIAW9kvyMbvwtD6NhVHF3XwoZw32VxZjcrEc4Gv8A0s3qGOY3OJ8Lp82AC0/KyuuaaWseaP8AhQWwKY9iLp+CWWX2CmroOJHIMZrQboLD9MZjWNc0fK3OmZJLBVG15d77PToSwHzWSNZbzx8JRDliGc8p1rby6Gx4WHmyiJn2OUqMdQcjZMmbkRAEilnupsEtY58J8eEs/qzoI910gc3qVzoywm7CdCAqyzIiLI1J8Je1xsg/KW44fm5nqEnaD/Kp1KUTSEju4plpMfowg/IXo0QTPMtm2PseUthAHYIzGyCHAklKWFw4BICKidQ/JegvqTZprMTPqNvJVz9SFHkrPxzgRiiqpMq7TIy0BxwZ5mbuvkpBmTlzjyvZ5zR+EullFm0XIDCrNz2YcDpZXcD/AJWG6g6ifqdxx2Iv0UR1lqI9QQRkkdjSzWnRB2Ttc7Y0+SluQyMSqFpa4cOr+VKecb/a6h8IzMlhx3vZF7z8nslLi1zrpCMLdu8lzTyPKtYciVvIuvlCsJ3gNPKIl9VlW6v4XHBZmc1oj2Bx8pjorMT0p/uCA4jhLcBj924+6/HlG6njQCJskRIf5aO6EEk/KgjjMUbA4k901yIYXaLuDTZ/4SLGxHO2yNFprkZnp4PoOHNeVyMRkshgjeWtNq/Fe+MXdD/K/ZETnElfsSGSUFrOStCQ0wtVMeoxy/js8r6C+nXW+JkRwQvmEZFCi7uvmZ7TG5zHjkLT9Et/62Of3OEbhdLDv0+1sHMjl2lruCE4x5RQWA6T1LHy9Pg9F1vDaI8grX4LjsslEkNQ8jeCLtSdKKo9kJG/2KjIm2jhZoaMp9WOnIOoOmsoxsb92xpcHVZIC+UgJIJXxOFPYaP+y+ycqZr43sJ7tNj5Xyx9RsBundSztYKZIS5T2xOfQrxpjuBLqIWv6c1YQvovJ/ZKw8IBHBRmLI+NyhsimiiqWM+hun5GZWNGbBsd1pMaRuMO9rl/QmrNGNHG53P8rdZOS0QhzXA8fK82UckXxeo00eqxBlOIbX7VRzoJsqoyCf5XKOoupXYYcAeUD9Oep59T6lEbydnP/pV+KnyEXZjO1zTtArkIF+RZNFRyX73fl4Qm1y9WUdRHW8JZUttPKyeoz1I6lpJwaWezsUvc4qJ+Pr0qU0kKTl8G/wD2gsuajwUXPjbGu4PdAZERLvPCdGriD8mi/KkJa7lBsebRuVHTSl5dtKZ6QyEdD4Xcd0bBOQ2rSeOQkIiKTjlL5DUh9jO3OTvA4CzWFKbFJ5hzUEcJaItjiNhprjtatBjOoDm1kcDIO1oBT7GnoCyFXA8uTxmghfwrgUsxskE+ExY9pb3Cb6B09c+kDmyiu6syJg20jz8oEOWqWAvs9lnbZG7shJckC6KU5GZTihJM3vyu5AcRx9yDdlWMymrOOy+O6sx8gk912nJGmjla7hTkkaGFKseYgL9kZRohY2EkCahObNL9gvDz7kHkSbrtSxXUeClNmmlxBsI2pvjSrPYc/too5k+0XaDQlLB76nCg7IDRyl0WTuCjNICDZ7LUMUy3IySQaKzeqZBt3z/KJy8wMsLKatnkPcLS28HR7Fupyl24lyzuc+waRWdkuduooKKN013aFTwCS0Vygm+UK8HutJHpRfZo/wCFMaLuHY/4TIWMTJIybpCAbSjNeZLAW6ytCphpIZdCkDzVqiMhLQl07Ee5wJFrZ6RpW8tcR/wqNN0p8dWD/hbfRsMhreFTF9CsIadpFkU1avTNABrc3/hF6ThXzS1mnYvLUMjVETY2hsbVRj/CawaYGN/HhPY8UAK/0BVJLQ2MBPHggDgK1uLtPZM/S2heemSf0h4jMEuXigsdQWezsOmmgtvPGC0hKM7Hth4QOBhzrUMLc08BZ92ne49l0PKw91jaljtNBcfas4HacnmjA5VDHBrxab5WI5oNgpNMwh4B+UnewktHGGW3YRz3A1yleGNrePhEBxLqV1TWCprBtjzhjTZUZ5Q4WDwqMeHczlSlhcAPhOzoUmBvI3FVRvLJLXuQxzTwhpH0OVDdHsqrkaTCyHGiCtTpmRbeSue4WWRQsLVaTkiuUmPsa+0b7T5/YOU2bNYHKyunZFtFJzDP4KrrEtBz5VS+firQ00vdAzZBaSqExTQzEvJ5VUmTVhLPvAAg8nMBujS7NMjLBnNl8GqSrMyAQeUukzCCeUJNlXa2MDJWA+oPBtZvNYHE8JvlSh18pPkOFnlMVek/z4LTj24q6CAxmwr427nWFeQGgg90EoYFXbyYRhSeCmTHg9kmjO136TCB4WReFTwKeLHCqo+UQ3svC2/CpjMmnHvSm15jm3nhW+n+ldDBTlrYsb6e0emEcyOzwFTp8XtTSKFyTJDYMobCSFbHjOrsjY4Sr2xUppopixUcY3y1JuosH/8Aj8hzW87Cth6BJCF1DB9bCmHywqCzopgz5dxtUfhZb2F1e4/+1uNC1/cGDfzS531Nj/b6vksFjY8gf5X7Ss0xvaLNBQ21aV024dxx5m5UVOdaQ65pwiZI9g/aRaN1C2B3vPCdZ2t4+ZjEMcOQo1BxZY7E0c71fLlY7ZdUUqdI598ptrkbC4m/KTFpAPev0r68aPPsb0nhQmaaj4T2Jmxu34QWgR7pXE/+k1micwuI7KiHXolkm2SY+wr2OQURoUe6IjslMcjYwbLzMWCgqXTFWOjNIZ7CDwjhM10SIySO5N8JB1BqZwsZ3Pvd2Tt4J4KxfW0bgBIe3wmRnop1uPsQHK9aWR85vcbCHfO0EhCgnleLTsCS2TI/EWFIYtjmwSrcTLbFHRbyr5swkAtaOP0s07Ge42Bs2l4q+bKq1AtdJsZ48qz15cltONAfCljMFuDx44JQ6ZjPcSSXFAeGbhXdfmZgkyy6fhhX4ukjBYSK/hAPbcpb3XbpvE2Gnanp8THNoOCQ6xktys0GHht9gkrra8i6H6TXQec6OUx72NPuC3F7M4nj4j6g+HcUv32k+HKHDcB3DgtV1FFHNhHLxMf0w0d1ntN1KU4z4nje0/K5PTCg5DC1wkAe8/AU+ntWfpOoGRo/t37mFL5ZPTnc+M074VMsu+Te4Detw0+mPpfqcOZqUcmJJ7XttzPgrtWFI3abNfAXyt9C8sQa56jn+Nu2+F9IYuaPTPI+UO4MiaX12htWh5ZgTwUmdmAjuvGZG4Ek0ALtBoYTmOIt1gUO64N9YnQ5OpYzoC15aDvLe62vW2sZkmDkMw3ljQKLguRRwvc25JHPebsuNpdksRily6AYWgdgrqIogItmMQPCsOMXRlSvGPjHC/S9RdhTNc19chbbH6pbLAGl9Glzp0O0c+F5G5weAw90l1qT0fXNrof6/Kc0ktd2sp79I8QN10PAG5ZtkUhh/wBuStH0Q/JwdTgmiic6PdRcAn+NH7A3S6OyyWH04UbXraDf2ozu3AOPegVQJtxNK6RJFns7QbSrKZyeE3BvgoeaP3coUhjYkdjte02OUuyMMhruFpTC3wFVk4u6MkBa10FDTDZsW2MghIJme8gLZajiu5as9kYxZITSkseHo0RbF0UbgSjIYS5WBtDsronAJDkehChYXQtLKTHELrQIdY4RuI6qtNrYi+hNDvGlcyjaZ4+W49ykcRukbHYHdelSzwfIpcWaLGyqA9yZQZntrcsrC8gI+BzqT2iL0OMjItpO5Z/OyHEuCPc51JTmf6rSpJhJivJkcexSzIytpIJ5RWdJ4CTZURdZF2lPUMUVgT94K7ozEyA/sVmJS5l3aKw53NRRkY4m3gn2sHKqyJy48FKcXJL2c8UrPUdW60begN4GHkclesoG0GZieyuZKD/KU0wOY3x5OAiXTbR3SuOYNaoz5QAQmctHUGUPlSlyhXJWdjzCCvZc4VyVuhpl2q5LaJBWN1LKD5CLTLPzWuBvlZjIkD8g0EplMJ9F0cL530BYWm0bSC5rdzUBo8Jc9hHldA0bF9lLlExyBcfR27fxHZeHSQCfaFrIMY12Cm7D4PATIrBTMHl6YNjvaEml04B17V0XLw/a7hIszF2tPCYLwQ4unMJBLU/0/FAIG1RxIrJTzBx+xToy6BwO0vGPwtJhw0OyXafFt8p5is9oq1vsOKLoo1Y2NWRN457qbR3XDlEo9NeenwVeQouBpcdxAZGd0FkR8FMJuLQUxscrgWI8mHvwl5byeE6y3e0pSXclcdxMDqeE0MPCyuTg2/gLoOowlwqktZpu6zQUVix9BRMxiYdiqKZY2mBzgS0rQY2BtNbQm2NhBoHtCfV6An2I4NMaIr2m1GXAbVUVrG442fiEHlxBhqh2VcSZrsxuRpraJISDU8IsBLQaW+nZuugEm1LH3MqglWx6HV9HOjK+KYiyFpdBzzwHOSfWMUtlKhoxc2erXmz+rKY+jrWiTBzAStA0igfKxmhS/wBoBanHedgtV0vrRUgqR1jhL8u6NI0m2n5VLm7gbpPUhbQjmLwUFPKRe4p3mRBrL4WW1F3vcBwiUhOHvrN55tQc62khBwAkmyi42gggJ8JE1raQrynOLjwl0gO4ghaGfFptnlKcmMB5VsUsPNlN6Dx+3svz38X5UmDlfpWcEhT2tFtHZCN9o7GJsIHHbymWNE67pTpo9BMZwngX8Ipsd+FDEjurCZxRjsmxYuYI2C/CJjxDd0mEWNYtFNjaB2RaJK8OMNpNYAhGgAcK6OUM4Kx9gqTTDQFMDlDxyB3lWsPKnmiuthsTRXKskiaYXADktIUMc2QrwQbavPtK4HyT9Rsf0Oqc1tU3dazcXsPC3v1pxvt+qZCBXqcrBfwpWUoLbKTQae6O0+PKkftZZCX4zgCNy3HTckdMG0WkWdIfDsqx9AOY0CZrrT3A+nkWTELcWuK2GksiJBDW3S0uGzaQQAB8KJ3SXQ11pmV6b+kmEHk5GRICfhZjr3pJ/T2eWxB78Z3Z1Wu86XKzyPCt6g0zH1nTJYJmNLtttdSootf6TuHZ8kEHceK5V0JNpnr+lyabqeRBKOGnhL42gC1W56VU0cmEt5aoOjB/a9bZbwrYwb/2XRsaL/8AzJICkjDWlx7Bcy6wzBPmGNjrYF1nJhDsWQ1xRXFNbAbqElG/cVVU9PK8yHBi35XrRuPC/Ed1PH4fyqGeYuhhiYwLLcPcpZjGxM2tHuKO0+iB7SUyh0eSaT1JAKPYFIcsHxjok07CdJTju/hM5sZjGNJ45Wx03TYMTHa6TbZHKA1rTsfIbcHuPwEv5Q3UZLO9N0zGxe7jlK3Nqd18C+61H9Emlc3020B3tWy6AyNrXOcNwPDflMU1gvizFyRHfYaSCVvujdCkfpE+a6MiMDg0n+ifTubUNCm1Fw2+mbqldo2rfZsdozW8njsk2X/wNVf0yDtQmbjZODKy2uJPPwsw7djZADeGd1v9YxI2Pmnkb762gLnOVKTM9o5BND9J9MuSJ5x4sN0jAbqma8/i0HlVdQ6c3CySIjbPlF6dl/a49NFfLku1Kc5D7LyU4EP6P1GfTdXglgcbLgCF9T9OTvy8GKXdZc0WvkPTGTzZTGY4LpL4pfU/0l0rU49Ja/VH2NvtHwlTCizYxxOI5KjnOMGHKL5IpNhjkNoDhZTrbKbiGGKyHX4QxCnLF0Jy6LI0qcyPaXctDPP8rncuLK17/Tx3uiutwHZNMed+B1G4yv8AUgkNgX8rdw52FD/cxWtId/3InDgo5V80IjNwenLGs9vIVrWe0gXa32XgaRrExfhtGNmH/QfxKRS6NPj5ZgkjcHXwAF5tlcosvqnGS7MxLjEqiHGDcj3UK55K6lp3091XUog+OJrGHsXcKvP6CZpk0cmraliMiB9zQeVkYSY3nBCDRdLm1HZFjQSSbiL2jwu7aTo2mdPdOshkjjdlSNBIPcFY3p7rzpzTMhmlaPjn1q2mciwSjMRs82pSvnyjO6yQD4Cp8eri9J7beXQ3laHx0aAS9o2ONKWRkNiZyeUKckE2FRJ6xa6D29rUXHce6GbkW2groeVoSkfiKXriRGRXCs2Ec0qp3bWFC30V1LRPnw7rNLNahFUlBanMlBYVnM428lQ2s9rw6tFph44CiIqKKsELzakHtRqSR5CyhyjsePyhW8I3EeAOU+DJraUwuFvNJhGw0hcUBzuE3gZY8L0an0eD5dR+x4ro0mcMHHCjjR8DhOcWAV2VUWjwJRx4ADHO3lLszFJvha30G7Bwgp8XddNRdMDMMDnYlOJ2pdLBdgArd5OmF3Yd0G7RnXe0JMohcmjnOdhmjwULDjSMdxZC6PPom/u0IZmhlp5AQcQeZjoXuaTusIxkwLdpPKf5mi22w0Ws/m4UkEp+E2K6FTmeerRIsKUEvvu0qmyBETuBtDDUAHAC+UEhDma0vqOweUG57nuNFLoc/e0BFRygcnykNaapl7pNo78pVnZLxdFFSZAshK8sl10Fyjg2MtB35Jd3VMce+Xsqn7mclE4J3OBKxooia/QccXHwugaXCAzgcrHaA0EsK3engbESCQfE3gK0t4NryIdlfxyiC6F80YIKT52M0sK0MrRRpKM+gwrmA0Z9oETyKT3S3NO21n53VIeEfpuRTmhbFg4bXDa0jhNsfhqQ6ZLbBZTrHkBTUFEPj7KTeCVVG/hT3gLdGEiVBx4X4uFKmSQUeVxxVMeCgJncFXTSDmil+S80s06K0FzHDYUldINxR+ZISCkznncVnIojDSWRjB3hSx8IeQEwdHzRCKgiFdktw0iixc3Da09giY4BXZGGIAqyNjU2EcOYE6Ha3hLc+O+SOVoyxtJTqcQFkUmpgNGYnG20qzfxKbZhp5ak2pPa2PhDNrDYGQ1kXIUFp7amRWrPt5KHwr9QFefZ7Hpm50E+0LW45toWQ0AW0UVrsU00WE6r0A2XE0Cq99Wpve3lDSGgSnANleW4OYsvqTfe74WgllBbyeyQ6hK124ALORiWiuJ1EhF4zr7lLiaceUdi9hXKZCeMXZVyQxLQ6NJ8+E+oaTfkNq0JlN3WVdCzUebKjGJPToqxsW8bQET6RJ7IvFxzfZBb2PpjgDj4ZabITTEh+UXDj20kjhWiLalRRVpKBoA4CMjb+kPCAEXFXymJYBLsPxh7FZdKEDmhlWvHSN+UQtos30oSSDuqXyCu6oklWiX7DIsrY7vwmGPktkrlZt8wUsfK2Ovdwp5jYSw2sDwG8FXeoA2/KRYOdG5oBJTJ07CLBXm2svqkcS+v+Ft1LGyG/HJ+VyEWF3z65Y3qaLHN3IK4Q8V/hTMtj2Rhf7uVpdDzjG5tlZmMclG4r9rxRS5R1DU8Z1zQNTuQC1utPyd7LXGOn8zbMASV03Rcxj4gCaXnWQxlMZabfAyi0cJxDmEx7T2WOil2kFp4TXDymm+TyFkHgLiZL6v6G1+L9/ixh0g5O0Ljce4j3cfI+F9QyNiysZ0UoD2vG0grgXXWhu0PXpm7ahl5b8Kyp8kW+JNcuLEkPerRcTOSEHADuBtMsfuCt3s9t1oIOPeFIa/0lcD6jiMWpSgju4r6OgiMmKWgdxS4R9QsN+Lq5DhVkq7x2fPf5SGejJ0mkONDHE2R55PhLgC40PlPH6e6eCMs7VyqZPDw4rT2PV2QN2xM5HkIuDqNwouBoeCg2YuJjD+/IC74VcmRhv8Aa1ooIGtG7g8OuOyXAbiG/CdY2VG2Jrm0D5pZLEZDI4GOgPK3ei9KZufpz5oYnFgBNqaxpPB0E2tFGVrbcd5IopS3X2tz2TTjcwG6KF1rDkxMl7JmuBBooDdjH2vqh8plcOSAlsTunSP1JxG4bsaURsgcKIS3JZpkOvx6rgFk8Lzb2n/T/C5NG3De0bZg1w8KyOXPx3tOPKSz/wCJ4QOlHOx4dS6/wMPJgGbpMv8Abkb7m/8Ai5cPmjezLew3uB5Xa+jHTanpE2LlQ0K3A1yT8rlmvYbsHV52Eiw8/wCFvjPG0wbo9JgMsrI8Msu3eQlxe5x4U5TcrnBVngcK0mG/TGf9hqsM+wOcDyP0vqnorquLUMOCPFgcXUA4V2XyTpQc7NjDK3X5X1D9KsqHGwWskhayShbuEuZqOtQncwEihVm/C5R9S9VbBqrpIi18bW0fgrpeq5jcfRsiZh7M7/K+f+p8h2os9GG3yvd48BdFdAyYJp2/JkObILDzwPhP4pbZ7HWPIQunYuTpuK2HJh9hHBRUMDGSB8Rtp7hOjsfYGJjTQMf7nPjMhDI4juc4+AtF1H13omE0NwYY8maMV6jhfK511FrBihOLjl0ZP5OB7rIyOAsDse9+Ui7JejYNo6DqX1V1zJj9GCdkEdUBGKWVztTy9SB+7yHyWb9zrSaCO5NwcAPhH+yuByPhJURjbZdpsn2Wo48sd8PFr6O0x33ePDPjQbN0Y3EDuvmpjS6WIm69Qdv5X1jojRH09gNDQB6QJPyqfHr2QmcuK0xWuMkik9w4S+KVzjVrXdTYRyI90dcLN4uE4P5HKZbTxYVNvNZ+l+OxybYrQB7l5j42xvIRccI8hK6wZHSVNLSlmc32urnhNDCTe3gIeaL2OsJUj0aGZDNkLGm0kypdxoLTavin0nEUshOdkhtefZ7PpPCzCwFSF/KpY8WiW1SUesmeNtXNk2qneB3Vckzb4KZFiJ9jrDm/afYT91LIYs4BHK0mkzNd5V9T6PD8w1GGwmk7xmkAJTprgQOe6fYrdzqV0UfN2/7F7I7HZemG+wRTGCqV0cYRCsFzcNp7heuwGkdk09MeFY1nC4zBA/T232CqdpzPgLQOjBKqMX8LsM4ozc2Az/xv/ZZzWdHa/cQzwugyY+7hLc7Ftru3ZahNkTg/U2A6BxLGlZqJry6zdrrfVWneqH1XC5/Ng7JSlTJcB4Nwq0wYSQFXHBzVI/HxyUCRqQK5tqBx3PBodk6bgl3wiY8LaO1pij0NgYzNge0GwVHBFUK8rYZem+ozhoSxulPY6w1IlF6VQZoNB4DFucF1MCw+jtMbmhwqlsMKZpb3WpdB6PIn8d1aXICORoF2pOyG7TzytSM0KyC0DhI9QkbR5U8nK4NO7LN6pn7QeSgkzF2XODXu7hThGyQEeEihzrkoEprjTe4EldENro1WmTkAWtBizWFksKZtCuE6xMgUACnRYvcNHC+wrL5S3Hn4HKKEopMwLS976HdDSvscL9JIKQkswaDyseI32RldQJJSnLyg2+VPOyaY432WQ1TUS1xolTykU0w0a5GaCClpn5Kz8+qEHuUP/U3fJWcz0oUNo6U9/uRUT/Ys4/PAf3R2Nlhze6eeCmNHP5U43oAzil++5aG90xI0aB1gIDUCOVQM5jRyUu1DU4qcC4LtwERavKGSmis1qGTbTyidYzmOmdTgs5m5IJ4KXOSwOCBs54e4q7Cj7IJ7t77TjAjLttKGXbG50aTp72kBbBgtgpZTTGiIC1pMaYbSP0nQ6FM9eDR5Qs8uxhV8sgq0qzpxtKamABz5fvItL8x42k+UJqE20kg+UI3KDmU5yXJsZBImz3uKcYkbmsHCA0yASv7rU4mNTQA0IoNs2SQuO8nsvJInFvZaOLAs2Wq2XTg4fiq4SaJpV6Y8REOR+JBfNpnNpu0/ivYYNnBajctFqOEYcf2FRkiITGNgaw8IaZtXS5dBYCsZXhSBo9l+JDR3Q8uQADRWtnYGjI2jsqZckX2SyTM4PKAmzja7lhjjo7lyhtQ7sskcFJX5LneeFS7J2g2t5rBUoDp+T8oabNaw90nfn0ClmVmOJJtJlNYHCs2GLqu08OTzC1jdwXLlYzy0/kjMXVi2TduXm2/ZlcY4jc9etbqXTcze5byvn2dhZI9pHYrsserDLxJY3PBsLk+rwhufkV/5JLi0V0sVdjwroyQbUADasYhHDXTcp0cvBW90DUnbBuIpc2xqDja0Oj5G0ht8Wp7IaHCeHWcfUC5gG4Um2BkE91hsDJaWgk+E70/Po0CFI4tFCaZu8eW2CuKQnXnTcXUXTQyDQyYOQUJgTPkohwoLc6TGJ9GljIskFVeH22gJz+OSaPlB26GeSN3/AON1JphODnn+UJ1HAcbqDUIT/plNf5XmnyEOu6TJxxn0lV6lWmzbYEYMLRXC5n9aen3MihzmNNHvQXSNGntjATfKfz6fi6phSQZYa+JzaF+CqaXh5PntTPjiJjmzsaRw4rcSY74sCMRDuEX1v0qdE6rY1ha7HkfbQPATFsA4BFAdk2yfR4kK+zGP02KW3ZAduVLcHG3kNbyujRYUcza28oPLwcbFd7oxuPgJStY90YINB0H7jIY1oNEhfVv010ePE0NsMjARt8rivRumznNZKIXNjNUSO6+jOm42w6W0eVJOblIojDjH0cZ+sH00ZNHJqeE3ay7e0LgOTozYZXepGauuy+0tblmmc8SxF+GB7lhjB0xNlO9XGYeaIRVXuPQMqOR8xN0zHc4BjHknwAU50vpfVN7HQQTCM9i4Gl9UaRoXSjZhJBgxh9WLApe9Slmz08SOJsQHAACOfk9GQ8VnIumsPUNLx6yWinig4DsuV/UHSpsXVsiUybw82vodsogO6gK7hc3+pWNh6lHK6IgZB7pPjXNzC8mjjE4UO37Xg+EXlYUsMjmuF7VXBA6R5b8L2uSaPI4NDXo2AT69jsIsbha+q+n9AwzFFKwOB2i6XzX9M8T1urYWf+PJX1bpXsiaB4CF+wQzU8dkmiZGOHV7D3XDdMhLdWlcXXsfwux9U5Zh6cypGcOLCFwPFznYOQ6WQ8PK2MQGdMOoY+TEIsiLmq3IB2DCwuOPkVfgoLCdHlwtlY8EHxa/TwFm4iS/0nN9GRMdrzXffyjvXlJ5C6TjstNqj44HEyEOtLWMxMkWRsPypZNBdoX40UjO7u6NY1za5RzNOxw32ZTT+rVjMPHjrfOB/BXYjteHum47p8zFhHd8g/8Aa+rdPxXRaJhxSeIwF87dIO0jC1bHysjIdK9rgGx+B+19F/e+viRPaaa5oLWqrxVrEXyyJTNCxzS1LfsG+o4j5RUk7w4q/GcJe4VdsHJEvi28JgYxOArW4+0JgI6JocL2Ru1i86UceHtxSa0BDA2whpIQSUZI0oWR1BKaGx3RHquODE4LA67h+nLbfK6NqILmOr4WL1mBzi61FdHfR63iX8etMoyXY42iG5QQeoRujcSOyDbNQ9yQos9mHkxz2NJMm2kBCPnNoX1C78VEteeybGtk9vlRX6MoZzYT/Ssoh3dZGOR7TynOjyue7wqq4tHkeRepfp1LRZ9zGcrW4R9wK5/oLiPTsre4DwQFcm0eLN6NojdoiJUQ8BXx90xAouYLVgCg1WtN8LAkV7eVAtRG1eEFdp2IFLO/8JflMJaU2c2wUDkN4ctTBkkYnXYAQ4ELB6piiKYmu66fqsYJcT8LCa1E0yEhLmRzj2Z+HH9/bummJjcjhV4oBdSe4MIdSxGJEIMUHwjmYYrsjYMYcI9sIDaTAkjPPwdzqtWx6Q1w/FPo8YWi8eFoXNaMRlJNL9EFwFKeMDGtdNjscKqxSS5WIGuJalOISAxkOHCkHlwJJQ2VbChnZJDeChxpBckSzJC0O5WT1OYndym+VM4h1nhZvPefcLSpMOBLGcQQbTzEyOAszDMmeLLyDdLosa/RqYcra1H4efT+CsocvazlyhFqTQ/8rRqWCc1nSMbONDlHMzSR3WAw9UbQFppDqraqwj5mNM1UuYaQU2UDdkpG/Ux/5IOXUd1+9C5hJNBup5XsIBWQ1TIN90dlZQo+61m9RmLiVLNtlvjvCmWdxPJCr9V3yEC6X3UVYHMpL4s9ymceJt8iY+p3KPwZyByg247nusgq5oMZK9XD5EbHJ9iFmzg0EWgX5Lmxm+yV5GSXOqwiR2jPIzyQdqQ6hLLIT3CJhBc73Eq98THJE5mx7MlmQyOs82lUzXjggrduwWyXSV5ukPIO0f8ACQ2xkejLMBsBanRtp2jykkunyxvtwPH6TPSiY5QSgW6HprYoraCjI7Z3KHwyHxX5RAaSnIDD177aUnz3cFNnDaCKS3NaC0o0A0ZTVHgB3dLMXdJOAPlOtSxi5pNd1ZoOm78hhc3hE69MUsNH09phc1porY4emANF2rNGwWRxspvFLQxYzQwLow4m7oqbitZ2tTMPHZNHRNvsqzEPCamdgmnxzR4S6ePa48dlpJ4+DwlObHy4o0Kl0K3E7VWWF/CKa0HhWFgY2wifRiFk2FbLNpXlYtAgJ7kSGiEtcHPvi0HILDNZEZaSElncWv7lavNwHvJItI8rTpATbT/hauzE0vYsdkENVEmRaImxnsBBaUK6L5QtB4mUPk78oHIfdoyZu0HhB7Q7uktBJJAjjdqcbSRSJbC21eyNoHAWQo1m8y7ToXbQWk8rM66wtzpAVttO2gNbYBWW6ohLMx7q4KzyKsjqGePZrwzZ8r80KUgoLxpXmotwsZwjcOcxOBS/cbpXRldmg7hqMPUiRQpMtP1CQSCzwsnhybZDaaQT7TZKVOCGwkdX0DMMhaAR4XW+mmf9IRfcLgvS2S172EHtX+67b0fqDJcaiQK4TfBqfJsT5NqSR89fU3Bfi9ZZQcKa477/AGkuLE7eeOP0u5/UzQYcrK+6MN23864WBx9Kga4tIH6VU/FcnpbT/kIqKTFWlSOYQAKryl/WHVRwzHjQEtDu7m91t2aKGi2DusH1toj8GduWcd80TuC0C1ihx6Avu5LUYPW86TUZ4i57pPT/ANd902g/+2je78iFn8zKxY53sha9jb7HwmkOQX4TC0ggDuhnElqnj7CJdT9AHZQpJP6scnL37S7aUHquQ4vDQePlS0+Atbuab3d0tRQ+dz/DaaX1y+EtiaBTOAtbj/Vp2FhkSxmx8rjmXA6NxMTXbvkIOWfIyGenIHED4CxUJvTV5LzGdp0/61ffSOxBj7/VOwXaxWratl4OtzvkYWNe62goPoDp3IydXhljxpfRjcHb9vC3H1g0dn2sWZG0te0AdkqUIcsGRulx1E9B6w/tj3WapPG9SEm3O4K4XpuZJC8s3GvBTrG1PIva55Qypa9DYeYsOlarqkbml4PJWD12VrxJKLBKJx53ZERBdZCD10ejgkkUD8rqocWKutc4sxWa0y7g3kuVMOG6GJ5I5A5KdYsTXQ+t7S0dygs/LZIPt8cbnu4O1ejB9dkDwd/SjHMetOy3jjta73haswRiiO/K5H0thHT8CIUfUPJHlbPTpw1lv4A55XKevETSi12Pet9VYNDcwkAuFUuKZrxkSCuw7BaXq7VH5kha13sbwsk2wR/7V1UOuyacsCcDUsnBcRES4fCYf/UWQ/gxc/IKTsd7jxyvWXvsD/lMtrXHUZXP7dhGTJJkPt1odzHgVZTKNv8AbulB0YPdeNye9nqRimKmxybiQ5w/3V0TyHe+yEUWgKosN2KpFz6BlBGk6MazO17ExmM5c4WV9NsjfEyOBvYNAXCfonpH3vU0U72+2Pm19F5ZjZkOAAC9Lwn0eb5kOgJ0Iaz3nlVMJjdx2RjmCZwN9vCn9uPIXot9HnRjj0vxHCRn7U5ouFCFrYwiHOa5q8++PenseNZqxi6ZlNKW5DPaU6lALeEtyh7SomytywT5lCOvKz2oQhxIpaDJBfaX5EPNpTimFXPDG6jp4eCA1J5dCkPYGlv2YIndRFFNMbSGFlbbWwqGvymvRyqLRpGO5CJZpjv/ABXTJdGYAf7Y/wAKg6bGB+FJ6gkIl5EpHOnaPuB4PCnhaa6B1i1unaay+FH+mt8NTFFE8rGA6RIYnNBP+Vu9LlurWSjwNsoPZaPTSWABGgFI1ED7RcRSvElNUQj4n/KYamGsNq5nCGjcr2O5WNBJlwql4SFC78qN/tDgWnr6I4QE9+5FudQQeS4BpRJAsz+qDhxWG1ke80tzqTva5YrWGFxJCTMnkuxVisoklaLS64STFYSSKTrA9hC2KAH+MyyjGM5qlTp7w4JhG23HhNNR4yEL1kZ3dkQB8KTRzdLhkStjeeeyGzIWnwjCCovi3jusC0y2djAk0EmyIdtilsMrG4PCS5WOCSKQyQnezKZLByEny8IyOJbytbkYO49ivYNPb5akuGjoSwxkGlSF3Y0nOLphYOQSVqcfBib3aiftGAcBDwHqWmPyNLL2mhSR5mC+BxIvhdHfjCjwkup4YLXEBZKLORiGZb4ibRsWocAkqvU8MtcTVJG572SFvhJ5P0NjBP2aYagOxKqm1DaCkYkcex5UZGSFtklMhByNlFIYuzi4lDyu9UGiEoklewkcqtmVI0+U7/zti1bxCp2be7gqPUb/AOYVE00kgIrlBlkt9kmVLK6/IeHfhiAXQQeTjVfHhaj7bvwg8jFsO48K/DyDC6o1zIzSRxyF0vJWu1jDOxwpZd2KWTHikE+kYFwO8q4G7VEMdBEwtJHKl9joovxyB3RbdrweFTAz9I6JoDaoITRPm4rXtstCBixGh/ZPsig0jwl3Z9hdgSRdi7ogAmEcgItDRtDmCu6tbHwi00/TPBBS7IpxKPdEA033QkrOeyZHoD2DxaY/LPtFrQaVpLoC3c3lFdMwtLCa5pN2O2T+7skvyFF4ULxOSG2mxUwAikyDKalEec3eGjgJzG7ewFPhPkhMq+Dwrc3hQrvwiXNFFVuoBOSBA8i77JLqBoOTvJfwaWf1MlwKNCbACOQb1c942JeQ5psK2NznGiukAiez1FNmJR7IrGi4ukXFFZ7JQxIXHDsfihZ8CwbaFpmQccBDZER54TImcDCanpvBO0LMZ2I5t01dI1CAuaeFmNQxyCbaja0HtGFyWFpIIQm0UnOqRBpcaSN7qvlKzsYpEhXYKwU08oZjwTZU5X23uqa0BIIx8jZM3ni1DqOEZGIZWfkFRE2uUxawTYz2O+F10OUMBplxmYSVoVNUjciLa57PIchHtIcb7L5+S4to9lPVpC+VdGeFTStZwOVgDCIybsK98xa0m0NG8BeyO3AbeT2IXZrOb4o1PSGZIJ2kmw0hdv6VyqxWuHtty4NprDhsxzuqR3J/S6JpfUQEkEMLgGtouH7Xr+PSoRPKuscpHa9bxfvOn300OcGcLkGZjObvbRa4cFdk0LKbl6dG4n8mgH9rHdY6ZGcuT0fYSE6td4wpv68kYjRup8THzzpuYRuqg4rSajiR5GMQGMeyrF8riXVOPPDq0rnhzXsPtI8rb/TnrF+Y44GqvDSBta53FrL6MXJDKr+XTMZ1v07iw5OQ5zWse/mwOFisMCOAw7w4A912b6p6eZ8FzoGb3NH5N8BcSx4/t2uFEG+bXmWJofF99AOpwg5LQDwVKDUoopfQH5HgIiePfM09wqdU0v0wzLxxb28paSbxlD32glzpmsJc27VAc9h/7fJ/Sri1/IIDcjELqHeu6kOpIDI0SYjxXwEXDPRnL/hoNL6v1LSofTx37GjuKVuu/UWXU9MOHmR3u4Dj3WebmZGqO26dpc0ru1Bp5RuV0FrYgbl6ngyQY55ohCqo7rCVjziZ6FjpTbLAB7p3iQuMLifyAX6fGZjRMazt4ReM0HH4NFDJ/wAORfoRdueHlQ64m9LTtoPJCliObj83wkPWeb9y3ax3bsshHXps5vi0Zb72d0XoMcaPel0z6d9LA4/3eRHuc7kblg+mMSCbLc7IdXwDxa770tFWmwBppjR3Cfc+CxE9X3KJcIRM3vprRysrrWtAyGHHdVcEhH9b6+Gl2HiH3eSFjseJz5Gufye5VHjUNpSYi+1ekM8g+phHfVnykx47chHapI0RNa08hAXcRKuS4knskPlSaaKrZ+H7X4uIFjujfccMXT0cROHohRebQ2POCwNJoqzcK/a8O2PFnq1S1EXFQZy4Ar8545V+l4zsvMjhA7myfgIUuTSRs5dHcPoXifZ40uVKAGFvBXSyXTudIDYK5v0LMY4HYULv7UYBJHldLwSz7cE+Avd8anhHWeL5V3N4iyEujHKsM9oWbKaOGr9C7f34VCiScggvPyrWyEN7qhzRXHKm1tx/BQWVqSHU2uL08knQc77BQ+bM6I89lS3IbI3leTZW4s9SNvJaRcASVQ+PcapXNeCTSsY0E9ligFFsqwsU7jQTnGgIHZVYbKdwE1ijG3sjisHIFkhtjrCXTQgeE7lZwUFLGPhazcTFIx78K6PE45COYwhFRxiuQuQqUEKHYY+FdDilp7Jj6Tb5VoYK7JiFccKsZlBGtBACrhYB4RApGdhNpNKxriq2VyrGUuNLmO+V+LlFtL8QuO0jIeEFkn2lFPNdkNMLabXG70Z7UNxsDss9mQFwNhazKiFHhKMiMWRSVKIl+xNjYfHZMGYha1pARMEQrsmEcQLOyKKwzAbDd6TuU2hlBHCAlgDW3S9x3kFECuhu3twrWhUY79wFouNoJXDUR2L9t/SJ2hftnHZcbgumi3NPCXS41n8U/cwqowAnkLMB4CB2CD3avwwgPCemEDwoOi+AhaCURH9mfhTEFCimxi/SrMP6Q4NSwWHGB8Jbn4oIIAWiLGhUPxWvu7QyXQWnO9VwC66aSUgk6enkLnBpC6nkYLQapUfYgd+yRwNU2jmcOhzh3/bPH6RrdGe4UWLo8WDFt7Lx2nMBtrVTWsAlJs5nP04S0nZ/wkeZockZPtK7QcBpYeEm1PSmOjJ28q+vGiaTaOPHEcx/uVoxWrT6nphY5x2VSUekfhO+KMhkLmkfQBiA5pCyxAk0E1qwh5WfpefpzRltTxAWO4CymbihryaW/wA9lg2FkNYLY9yGfoxIQmg6grW9uEBNkgyceEfp7mzmu6ibxhroPxI3OF0iHgtFeUZhQNY0WaVGe3Y4kLt0JdivLeQEuD7eUVOXufSrjxjusrsGr0FYj7CvfOGAoeNhbdKjLJauRgQcrdwj4ccSRbqtZgz09wWm0idwDGu5tI8i7ginx61J9jfSGei0nsoZuSGyd+U1hx/+nJA5KzOpRyNnPwvJla5M9KKiuhjgZBmlqytpivqAc8hYfp+Nxksha2N+0Va9jxG87PK8rOXQxMnHdUSScUChnTiu6rEm7kL0UyPScriGlJc63Ocj55iOEJIN/KNMVIWPjPwrcWDdJyiHMN1SYadjXzS0zOycGLwjYMYDwEVBAKRUcHCAbFAwiAHZDTQDnhM3RUqHsslbuBNGfy8YUeAsvrMDQD2W5y46a7jwshrgoHhdyAcTm+ut27+yxmTNT3AFbPqIk7xSw88RMxKW54zlHothfxyih7hwh8WEvFftaDTdNbL+SrqloqzoXwQOcBQKcYuI70yK5I4TvF0ZjfcbpHMw2x8t8J/sRF4zjeoP9DUpoZxtN8IKSrJHK1H1W0Z7Ws1DFbZPelg8XN3NqQ7S3gheL5NOS1Hq0XasYffK9Bs/Coa+xYPCviG4gWo0ih9noBtH9PYD9Q1SFora11v/AIUG4znkNY0vf4AWvxG4XTegmZ1/1LIbTmn/AEhP8ZKUuye94jN9RZbIs/I9J3tjNNU+ls6QP9R5uz8rJ5+TJPkyB57usftNtEkLHhoK9evvo8yXXbPq76eatHk6ZHEx3vaACEN9TDO6ONmKSJie4XNPplrpxNSDXvHpuPJ+FuepNaZJkvc2RrwwWE1V5LTJW7DDl/UzZrDMloMje5WNnjfjvD4XEOabvstx1SJpZmzua4h/IPhZfIZ6rdm33E0q3FOImEmn0bDpTqWLUNL+zzX3K0bfcO6yfXmgCG8rEYNh7gf+1B+mv09jMhhqSrITTA1l2oY8mJn7WhzasrxPKryR6dE9OcwU8M+QU1cA6HZtQeYyLG1OWJnLWG2lERv3MJBUEotMuhLfRS10cTiHxBw+aWz6azOmsNkb87Fikf8AttrETsc6+LPhRg0zUpq9LHlcCeKasWsorkl7PoDSOvOnMVrWYWmY7T23CMBGatrkGradLE+ntkHAHhcd0foLqB8bZ/TkYwm+y32maa7BgaycneBySpbZSi8H1qMmYXWelJGPc4Sgxk2G12WWyIX4b3sBJAXROrNQ+1Y5m8EnsucahnukLtoBBR07L2TXtReIXTZTi08leaNhjUNSjY8Bwd4Kg6B0thqYdOQvhyvVBIMfNq6MesRC549Y8z+k4PuoSyP0nDjjytbnZkfTPTgx3P3TOHtrlLptYgZFFkud6r292rN61kT63kmWWw0DgIq/HnOWsGVqjHoSsa/LyXyyOtzzaZMiIaQO68xMUta3aOyYRtBbXwvcqgksPMnJtmdnDjI4O5peQ+5rgidSjMUpI8oJrnB3bgoZR7Nj6LB2pVCQ9u9mlYTR/ZUtPhMpcSOxSJPBiL48ScxOkDaAHfwqmz23v5pahuZHgYThMwPjIqlkpwySV8sDTsP+keFDbX8voqrs4l5eA0k9lotOidpmnSZUlbpm+w+Uo6Z0qTWssFwczEi/Mo/PyzqerR4EJ/6WE7GkeUVFOPsG67fR0v6f5kkGlhzgSXnkrq3T87chgaXcftc00ONuDhxQubwK5W76ccx8tM7L2syB477ma9mHEW3QJUXYgugKAX5kUjeWu4pex5L920i68pGtDUkyyLGI8WpTQOcKA4V8b3FvC/OkI7odYaisE+q4IfjmvyWYaDBKWvPC28hL+O4Wa13C2kyt8JdsE46HCePCmKjdI7HZdJJizlrqKeYTw4BR4ehXLoZY0dFMoRwl8TqRkL+FuDUycoHZDuiBVz3WV5vAC70EmVtiABUXENU3SCjSCypdoWaBJl7pKUo5AUuGR7eVZFISVyYtjWNysBQsJ4tWhyYjAhju6tY7hCsd3VjHcIjglrl4XcKtrl488Ljj9I/hVPdbSq5Hqh8tBcC2QyPxKSz/AJFNJngsKT5B95pYwCyMgI7HffCXR/tGQUAtSNQTJ+JCE5BVryV+ZHaXKWHNBeG7jlM8eiluMykyxmlJVoaWBLeFY0WogK1gTU9CSIloUXAfAVjgqnWj03Ct1UqW9yrXClS40hbMRIhQc3hSa8EKLi0rtCBXss8L152s/asc4AoWZ93z2S3I4pmO7uOVQeeFYXbgV5A3c6yg04Ixoi4IwQ8L3GbtoAIqvaeE6LBYEYuCEDlY4INpyG97Q2QwG1TCQucdMLq+C0xv9qyLsH3H2+V0vUoGFjwLWcOG2zwVVGRM1h0UO4VTz3Ud6rmfwf4Xm6W4LdQlAYVheonkh9LV6pJTTysbqlvc4XaGUtMwx0r3+qatNdHyHx3ajLiAv3UrIcctF+EjhrOHbdUADQ5/ZFHKE7LaQVjMoO9U0SrcDKkidsLj/K3g0cmamOHe6z4VhYAUNhzueGjz8p2zTZPt/Wdtr4tDJpDIxcvQs2gWgsuiERO4tkINhUyNBbz3XSw3kLIogZ+RfK0+nRj1oxXZJcZoE/I8pzjztZliiKAXleXLCzx2a8zNjxwD8JNkiOZ5S3VNV2tADv8AlB42eXgH9/K85MuS6NZp0TYo+ERNKWg8oLCnuBt+V5O40bXt+K/oeVf7PTlu3VaJimcWpOT7rCMx5PbSvgyZhd7ncqwMB4CEjNu7otvZOUgMJtgtMcCOgQh4OWpjiClqODIW0FexpUIhxSIHA4WhxKy0/CqfHyUST+lBxHKxhMWZLBTv4WS1qIOB44Wxynex1LM6gxzgeEuTBOZ6/hgtkIWGmwniZ38rq+q4u9zgQs5k6U0mw1IbNRkMTGIeL7WtbpWKG7SFHE0i3WR/wtFhYOxooWnUtoCyOnrBUe0quQ02h28ox8Z29kNJHx/yr1Lol4CfVsePJ0+VkzQW0aC4N1bo8uBmvmi/+2J5AHZfRD4PWDmnyuZ6/E2LMysedgfCe5PhJnkkHGTic2xMjeB3NeLTnQ4crUs5mLjNJe81YFgDyrYOmcOSckZLo4X/AB4W00LP0vprT5sbTB6+U8cSv42/KgnT2VRuNJiQdP8ATOI31pBkaoAL8gLnHVue7Us6aUnjmqVWqZZfI6Rzre8+4/KVtk3OcByCFlcOLOnLUJ2Nd6x3HjwnOnHmQ9qCVkf9UfHymuntJge4diaXqUR1kVno13T5dHjeo47R8haTT5i/TnyF5cSaFm1mMJxOnOjaPxbuJTfFvH0bHN36klfwvQzoibOmYGJjZekwMyWiy34QmL0LFPI7JijsN5pMIHBmDiCrJaBa6R05jiPTy1wslqlss4lHjw5M4Fr+nU6aNzKLTSwWRjSRyPLQbabXcvqHok0GbNOxpMTzusDsuWZWNsyvd+LuEl5JaVuPE5XrWUYdRDz/ALonHyL9zeyv620z08pzm8g/rssvDlSYo2vsj5Xn219lFU/4dC0TNw45bymA/C3+l9X6diRAN9MNH/xC4jj5jJW2HcoiM7+HHj+VHKll0bmkfSmJ9SNPfj7DIwADssb1R1bFkve/Fkbt/S5MyFpHEjm/7q9oaxp93A7klL+DWb/6OgvVM2bU5uST4VGTix4mOfUeN1XSXyaxFjuc3HG+TwV5hwT6hOx8zzbj+JTklWtJm3N6aPpTTWZeFl5UwpobxaN6e01rsLMmLfa40FqdC6fypdJZhYke6WQXTR4KKf0xqGFG3E9F4EY3PIbwqPC+0tYHlx4RSX6Yp+AIYSQzgojTcRrxyxO9WgDQ2JtgjuKU8DGDYgQvU1IgSbMzqGIcaYkCmnlCu9q1utYvrYT3NHLFkXNJaHHt2pU1STQiacWLdWaDFuSgm2mk71BtwEJKwDlZM2L1H6zQP+ybaAwO9RvkpNCHPdt/+S02kQjHyGWPyUlrGxF2tucwiMnhCYmTHjP3uaHt8t+UZ1QzblrOuBL/AClxWBvs1GZ1K77U4mmQNxYninFp7o36d6a/M1feOdg5WSibyLAr9Cl136Yaf9phSZRFOk7JtfsXZ/qauOMhhZJ3BTbp7IkxtQa117Slz5mk8iz8o3Cma54JFEEL0s2J5vpnUIXepACD3CkIyw+EHo7t+K2iTYTNjfBUkuiuv7I9if44Vz4gW33VYxxd2r2OoUUpsYoAD2bUJmxNmhcwjlN52At4CCfHwSEcXqwXKOdmFycaSCZ3wmOnyloAKO1rHDmbwKSeEkOoKWyOPR9dmD+OblGR5AASWB1AX3RBloFBhUrEMZsxvyhzmj5Seefug3ZNeULQ+Mk0aE5nwUNlZFt4KTfdDafcq2ZIcSCUIEmMmTlxq0ywbceUnx2Dhw5T3CoNFBakL5B7PaFMOUYyCFMV8IzjwybVJk1quQcIV7y0mlxgybL+1+fNwlf3G1SOWKWxM0vfNyg5pxfdVTZba5CUZma0EmyjAb0YnIslDv5clLNQt3lMochrm88lCYi4dwr4zwh2OCmX0EDlgxFwk99I/FAc1KYGuc8kpvhtICnskMSDYY+UbA1UR8IuIirU8HrCLwylIcKLXWF451KuL6OJOPCpLhyvHP7qh8g5TVLo5s/SvQj5eV+llHKX5k9AlppLlIxB4mACHlyaHCSv1Pbx3Q0mobzQKS7Ow8G8ubXlVuyraSkE+ZtPJVTdXZy08LHMx9D5uTdo3CfuIWaxstkpJDk306Ulw4NLoyTYOmngPIRJFtKX407QRaMEgeOOFTFmIk0cKqVtq3/TwVTK6gU+LMkK85nB7JI5vuPZNNQm4PKROlO48p8WTSNH6pVc0h2n+FR6u0HlCZOT7Tz4XnSkXYK9VmNFIpG+o42jdQeXng+VViNDr390uMtAkBPx6HZVOj4IpNJmd+eyAypIseMumdQq070tBzk8AsDEx5c2s2URsvumGtaTp8MTZMGff/uuSdYdRSvy5I8WRzRuFUnvSUuVFpMuXqUzzHXtBXn2XvkelXTBQ7NFqurQaXgPeXhstccrM6H11qedqX225zorqgsb1FqLs3MePUc4E0AVqulsLF6Y0/8AqWc4PmkFtHlLnNyCqSgsw6niQsyXxjIlawkf6jSjm48UEtMkDxfcFcQ1fqrN1TU2/aSPZuO1oHhdO0CLJZprBluLpK5JTK5N9MRbCMY7+hGVktiyiAeFCLPaHl25JtUkdFlSbj44QYmJYaUnkLXjG+L/AEc5mfveBdphpbyQ3+VlcWN8sw5PdbzRNPLomuI7KFpJ4W50afEdtgZx4Vsrg5pVUn9mFtquSUemeV7PirVh5F/TKzW4q2M8cIH1wXVavEpa1XpfhPvWhkTqd3TCE7haQesau0bj5gaO65rsHR9j/CZ4vdIcDLa93dO8R9vJTEzE9GUSvCHhdyie49vdaNijwqlze6uBA791TI4AGiuNYBkjhyT5MZdweybyu9xQczLBKBgmZy8QOcUC/TQeaWkkityiYBt7JWGmbx9PAJFUjRiiNtppHCLPC9yIaj7JsegGIpWe0oOSNNZIu4QkmOeaT0xTF0cdvoLnn1Ew/tdS3gHY4crpsURZJZ+Uh+pOljI0N+SOXxi1gKf4cHy5pY5SWOIav2NM57iS7jypZTRtvwg8YkPNdlNNsbGOBUz9xIUcUAPNqJu6VzQI2D9pcemMl6F0wAmkI4TjSx/0DR5LkqzR/cAA/I0U/wAOLZHEwDkgL1/F7IrTSQRiLSZCa3PAFo7Uh6eDp8Lb/IFB6iRjw4cQ5DiLCK1p+/OwmMNFpBpWtkZ1SCHfi4Fc0Auk6RKXxt2eGgLFdM4xyNLgkr8W8lanpqW3vaD2XmeRJaX+MsDtYwhn4M0MrQbHtXBeptK+w1MNeLaCvojIcGQyO8gLhfWkpyNUkd3AdSCplNq6Oe9UafFkwFwZ2XMMjAaZJI3i/hdyyMX1saRtcUuR6y0Y+quZXsCZZXyXRPGeMxs8EuM/sQPC8jz5mGiVtn4UWZiEbfHJ+FjdS0zJxHOc+ImHw6lBODRXCeosbqkx4BUm5EkvD5SAfASxjKF/Pi0ZjQ7iQSKP77JLTGJoaYcbWn2ix5NLfdBaM7U9RhcWExtPakl6K6V1DX5XR6Vjvl8OcfC+ofpj9PR07gxv1BrZch3PH+lKnCUkNrkovRv9PdCGG9874tgHDQR3C2D8PGm9QOjbtd34U5Xtx4LIAA+F+gkbIA8OoHwq6Y/HHETykpN6YfU/pzp2VqZyS4hh5oIlnQelGEsawtI8rYkEh1A/4VRtvcEBPUnhiijEydBaZ9tPE07pHNNWvnrrDR5dE1ObGkZTd3tX1oQ584PFBcq+uWgfd6W7OgjG9jrcQnePY0xF8NWnzxli4yEkkbsffgpzKT6br5NUlOS0uYC0UCVe++yKPRPBxnHJDh+NWtBJ7DG/4VUGF6eHFKjw0PjbYulBZ2x8TNa+XS5FlKRHuvwnmutuS0nIJ7fKGCD3C/Di3vYyrJI7LqOk5c+CyGIiowzssV0VhHL1rGG22hwtdP6ywPRgjkibW0eEeY9AS3o8ZqkFAyPAcfFonF1KEyWyQd/lci1DOf8AdFge5EYudNHR9R1qyi3l0S2VYfU3SGaMjFADvC0vJAruuH/S/qJwa5kjiSuwYmoCUB11fKGyD9nVy49DNof2U+Qq8fKjcQLBKvFO3EJD/wClEXvo9u2KhzbBCsor85pLOFieHSWirOg3ROBWWyG+jOQtrKwlptZnWcWyXgdkU1yRLJtMGglBcrnv4S3DmAJDu4REkor2qdfwJWMpn5tLsqwOLTKtyEyYXOBooWVV2Nip0xFheY73OeatXnBdu5tM9PwWgDc20pj09J6fI7gFaDFcdqDw8L3+1qcQ4m3wsSCUT8yQgK+OS1+9ClEM2nsmI4nK/hL8l5AsJhJRZwk+c8sY6ytAbBZMraTaFdnD5SjPyyC4Wln3ncucu1IFLTSTZg2mnBI9QzuT7wlWXqm0GnJJPqJlebKW7BsYDwai4OoO8rQ6Tmb2jcbKxWnMMxvvytno+Idg4WKTNcEO4JNwRTGbgo42MQBwmMMHyt9mKOHuLBwmMDKXkMYCv2V2Spx0PT1poq1jyh3WF42SnKTGmboxY9ePeqGSWFF71QmzNIySkXyg5JzdWpTP3XSFMTnElOXoHTyeU2Qg5Wl4RRgcTzyrGQcdkt6woiaTD3A0EpzcaVlubwtwzHG38UBqOG10R4QuHQTliObankyQtO8rO5OqOs09a3qrBNHaOwXKNQmfHO5pPYqZtp4cnpp8PqOWKT8+FrNJ6mc7aC4crjoyKJ55tPtFnc5zPd5XRbTMcTuWDqhlePf3Wiw8nc3uuaaFNRbbvC22nTARgX3VsJdAJGjZNwUNlyU0qkSgVyh8yWxwU+LMa0U5855SkyWSiNSloO5SkTiu6pixEkOZczghLp8qyVRJKbKGlfd8qBrT0CM8/NBTjk9l+UIeXd0ZERsA+UEY4xUiBe54KxHX2pPib6LDzS32LifdOcxkga89ha5H9RcbJwNRcyez8Ou0u63OkUVU9cmZfTGNztZiE/8A293uWz6517HGFHg6eA0NaAaWHwn7GOlHBPlA5MrpH24kuJUPHWUB2nxNlyfUmNbef5VutanNltETSXRM4ACTGV4prSa8lbDorTBlTCadnsHg+UXDsF2YaD6edNQtwxm5rbeTbbXR4WsLKBHZZ5suxrGxU1o/0rQaXy3nuR8KuC6Ipybema13CL5y4c2gYMUA0VsNYY1sBeQFkZcprJCRXdQeX0+j0fFX1G+nYLQ7dS2+isAhqvCyHTcwynALo2k4B9MfsLzE25FMpYhVrcvpQhJ/uy+IgOFpv1ljux4CVz6HLLXO78L2/EeI82+PJmoxCXS8/wDtNzF/bNmuFzd3VMeNlBr+wWixOq8PIY1rTbncJsvIalgyPirho1nfsBFoeXKMYvwoZWQx4a5pFFLMrLaLFggK6Pa1nmWRxmh0XUN0os3zVLd4EltFkchcaxMsRTB+6mrQnrjA0+AepKC+uyFdGejrEL6q/wD2gdd12DSYDLI4UPAK4trv1ghwsZzmMcD4Ky8H1Bh1mGR+a47TyGnyi0L5MOlYn1Wbla2Mf09sRdVrpEGpxZMQkaRRC+XelcJmtdTsljeWwB/AC+hJcaDA0kAzbWtH5LNM5js5DXcgiv5UXvXJ9V6yg06YMjyg8t8Jz0l1rDrGR6L3AOXM5TNo7kn5UKN0SpPo/iee6g11nlANT0kODwFLIcPSXrau+6GzHjYUaRjFOTLTyl82U5rzSr1Gannk0lhm3O7nlNixTQyjlfITwpapF97pORA7u5hBUdPhLwe6aMgsAVXFFcL/AE+X9TidDlTwuB9jiAgMce2/PldD+rmiu0vUWZDG0yY+OywEXkgcFItHosDbo+VcW7ngKvHYTITfCLx2epkUlx9hS9CfIdeeyM/PhaXTGernxsJPA8JEYiddDAObAC1+jYUkOpF0gogWvZ8ZYiC4nkzb9agieNzWkcBG58rZNbiLW1VBLdNJl6illcLDT/hHROE2v34LhSfJ9MRFafRHSbSzpNrnCnFv/Cn0dNvyZmk/6kZobA3pyJlf/iSLpJ+zVZQTQ3FeVb3I9OmOI3ObZw5v00rhWqj1M/IB/wDNd2yecGY3/pK4dqPOfkAD/X3RV9MKz0K8mX7bEksc13XJ9cx/UzQ4juSup61BNlbMfGbvvvtWU6j0DMwDBJkQlrHdj3XqVxTPKnLGIdOibE0CTlrvhHSQxAiDJjEkTu3HhWNwXlhIFgcplgNx8vG9FzmiUcAnupvKpS7H0WNis9H6Jl+9kb2foOWk6e+jun6gWzMM22xYtMelOls3NzAyBu+O+Ta+g+nNIGm4EcZA31RpefiLYti3oPpPB6WwDHgxbXEckjk/7rUj8gK/IXQVb5o2O2kmgs31/wBQy6HoU0+G3/qHe1g/ldx/gzRnquU1jdu5haO/PZZzWOu9N0fH9OEnKyuzIo/JWS0Lo3V+omR6h1DqcrY5BubA11UD44XQdI6b0zTImthxo5C3s+VtkH+Um7ylH6xQqEXusw02v9c67iOn0vFZgC/bHM3cSm3086o1XLyZ9N6niZDnRn2kcBw8rcB2002ifAAXLfq7NBpWoaZrDpTjzxuG5oP5jykVeVylxkN3DqMliQFgNftLuo8RufpeVjvAPqMP+Vm9K+qPTOry42NBnA5koH9stINrZ0JYX8Vba5V8djIGUti0fHHUOAMLU8mC/wAHEBIvR3BzLuuVvvqVp0uF1Lk7m8PJIWHa305nEletDuJ5r6NBG0nRmWLIX7Dbui/YVmmyCTALO/C8xW1HL4rhRzj2Nj6M/rTL3JGwkA0LWi1VtxOKRQMLiGjuT2QwQTOk/S3AaR9w4djfK6NreO3L0+Rg7gLMdGRtwtPiZXLha2MTxIHDiiE7j0ApYzgGuYgxdZ2G+T5UZ2bSNv8AstL9SsEQ6rHK0e0kcpXk4wdiMkZzwl0vJGz7Q06GynRZYs1Z5XWo9XLGhod3HHK45020Rv3E1RWnmzgHAhx4XoRXJEczq+j6hI/lzgtXhZRc3hcX0DVt7wC4gBdF0bVoyWMJ79kmyvrUdXY4vDXCayiY3AtQLJGuZbaV8btreVI4lilqLJxYpJs6HeHNTWWUVwEJJTnEkJkBNkdMVkY7oMh3HFqyJhdZ8J9qOIJYjtFuSlkJb7UmyONiVEhVKyOMO7hXMh+VcyJJZZXEG9AHwroo9tUEVFENyvEQ3duEDRRFF2Eym35TCMWhoG01GQkLkOTPHNKrkb7eyL4JXrmjbyERgpfYsJPqLeHLSTsHwk2oQ21yBsW46YjUogfCR5MB2mrWuzsb9JXNjWDwgfaNisMDqTJWnhDQxlx82tjl6d6gNAISPTdj+wSlHsfF9BPTeHu22ugaXiU0ccJD0/i7K4C2mAygE2ILLYoaHZXNZR5CuY2ip7OExI4/RilJzgAvBwFTLIADyuwBkJJOe6gPlA5GRtd3XsWTfFpDrA5DFkn7Xjnm+6E9UeCrI/d3RRgdyLgOeFfGwbTwvIWix5RjWDwncQ0URxCuQvTH+kRVL8s4hIpDKCGyIy6MhHO/SolFtIC7NOfZjddxL3gi+CuHdXYgxsh7qIty+iNUiPJ78LjX1DxQYpHUOCo7oYBGWM5kZAP2tH0+dxYso6SpC13ytToTqa2gkehqenRtJk2Fv8LVYGWaCxemSe0fNLRYDiQLKbCYfA1cM5eLX6d5pL8aQgUSpzTAt7p8ZAcBNqshtwvhI/WPymGqSgl9G1nDIbKdG0BwNDJLyUNJJyv0czJQS02hJ5KcbWrGFrLC8Ar87L9OjwAAlkuUG3Z7JHrepgQP2P5pJs6Oj9ngu6j6uysTUnHDd+J8FZnX9aytaayTJcb+EryXumyXEnku7opjA92w9gvPn2z0Yy+uAjptkIj8lUSW1rS5rq+aV2cxhlAbwpZE73Y4hNEAcFakJbCNB0p+p5LWsvZfK6liYUenQNjj8CiUs+nOC2LTPVLRb/NLYabpk+qZ7YYhbL9yKWRWi/bEjHF7wGh7q8rZ6MLY0HvS2+m9N6ZhYrGSY7HPrknul2tYOHhFskFMs1QXQvR0qXmmB62yziwNaPJWE9Z07u/crV/UaRpELQQVldPYKt3KR5ffaLPH6ibjoeLY8biuyaW0eiyq7LiXTmZHDIATza6/0/mMlgZtN8Ly19ZhT1lXWGD9zhOFWVxbVI3Yj5QQ7gHuvojJjZLH7uy5F9SYceCOfbt3V3XpV24+hPHVpw7Vclxlc6q5RnSzpZ8gHmgRXKTZxDnPH7Wg6Vy8XFYHyOa2u6qhDnLRVlzjHDocTn+i0P44SjVM+LEDy5wJ/lIte6yxoYi2CQEgeCubax1NLkvdbzR/a9H/AOTz3rNdrHWmxr44e4PcLKZHUMhk9WUl/P42kWMfVe+SQ3fylupOJm9p7LksOwfajq8+quDXgNjHj9L9j5keO3Y3mh8rMsyZACLKiZnFwtcao6bvpvq7I07UGGB23ldQz+t9Qz9HcwOIFfK+dsaYx5DXH5C6l05kMyMfZdivKTNuJjjhldWzc2XVngPkJu6tdR+lEz481ksxraObKys2EyPLc+gXEozSoNRblh2C/bz4RxfJAyPprF1WKUBorsExErL4WC6Jwsp2Ox2a4EkCytwYWRsaRMGgftGkdCbXQS199uEBnP8Aa63KMmdE0uAla6vAKRatngAkO7rdwbB6LdSkO93KHxmbqKEnyjLIRdo/TGkkX5XIOSNDpcftpNo49qD0xlHlOWMG3wmIQ4nOvrRpzczpps+23Qk9lwDG/wC1Q4/lfXetaZFqelZGLKLDm8D5K+XOotKm0jVMnFkaQGO4J+Eq1BwAYGUwlG6Y33kkf7oaEH0TYtHYDCI/i+UiDxhvtH7Dw/U6ihO3gOBtaeSXZPlS0NrGkcKjS42x+pM6i5rCQULmTFmmSPHeQ8/ter4stILkV9NuvIypXfHdXaE31tca6yfev2htEenzud3IRPRLA/W27hY3KibxMVWuz6W0f/8ApWNqiIv/ANLJaA8s1qQE+Stjorm/00B3/hQWCjyY8LXpZJpGxxtdzu7UvNn2z0YejqUbQ7HcCO4q1xHrrHczXxp2mSsdPO78gfxWu1nqjM1CEwdPe2BgqadwoAform+D6Wv69L/TnvY6AESZY5t/whjLsGb6H3SekP01mbBlyiTLaLLu6bdV47M7pJznhpki80kWjyuwNey8XLyvXc+L2m+5Wq03HGq6JlYgNPK9KqWHl2Ls5l0/oeRqY9KAHd2tXa10NNp0zHguEhHcdrXU+ltJZpL3RUC/iythHp+NnhpyGB+3kbgs8mzUO8aD5HAdD1DX+m37mxOmjPkNXRdC6w1TUZGMkxpmNPc7Suj/AGGJ6QYIGUPG1SaIMce2JjQPhoXmZrPSSwFw4AIhJI4lzvBWD+sUeVJo75cYOPpi6A+FvnvM7x6Y9qzv1EzJMLQ8kwxeq8MJLSLpPra3AJvFplvpD1kzXtLONqDmw5GNTWtcaJpdJypXMgMgBfQvb8r5M6Y6a1rqHNydU0eUY7o37pAHVXPK+i+ldXdqXSofFK12ZF7HAG+y8f8AzFNlUk6v0OqXJaSxdU1HVJciONgwxD2vuUt656fxuqOnXmd7ZZcYXY7lMfumSzRZB3RvHEt/6lbiYs8uXNLhvAic6nAHuF4ylKMlKT7D1M41renaJg9L4+boeK/+r4rqJAJPC7N9ONff1H0vj5M3E7BtePIP7WX1HTdR0TXJ3YEMD4skdnkCieKCX/St2VonW2oaPnvFzMM21rrF32C+m8W/5lotrAH616QXQHLjb7h5pcKkFS8nkr61+ounjM0jJja0uOw1/K+VdYx3Y+YY3NIcDS9il6jz7Vk8GOg3ddx2TGeL0opPFlK9Bk9OZgdfKeaqCYfaO6CwOBmdRYHY7kD09h/dakxlWBynOdEBjvoXx5RPQ+KYZ3ZLo9wHyEuOIY0ajFm9Exxt/wBPC0EGQdrSHcrNEmXJe9jdgvsE5wwdgsco42LcMUBZ1vh/f4JeG+5gu1yjH1WSKT7WS+9Luc0PrwPjLeCPK4dr+lSwdQubG07d3FBJcsn0E49GhwZvTjB7XymmFI2V4BN7kinY/HhbvFGkVoMzX5MQJXoVT1EdkMOj6LpIMW9p7q5+S/CnZ7jwUZoT3DGO3+BSF1TCklc4m03/AISts3fS+rfdNpzrWqMzQzlcl6XyH4E3vPtW0ZruNN7C6nKadfY6FhpNwk7KmdpZzzSH0fKZM+m80m2QwPYflJ7ixrfJCxtl1EcKvLwwTuaFeA5p5RkAD2UV0lqAi+xCBRot7K1oAR2XjbQ4hLt4BolSST0vhmFkbvei2C/CEiAEgN8I+IttAOSRY3gIiIod9eOFbE4Dyu6CSCWGuym4ktVQeL4VocCFgWAs5NJRlhxJCdyAEFByRC+aS2wsM9kwEt7IB+NY7LUT44LUtkx6Kxf9Aawz0uJweFW3A3UaTqaMC+F+jZwuZyZXpsAiKf4jgKSlg2kJjiOHC5HaOIxYtWlvCGgmFK9soLU5PozSDuLS7LfVovIk2gm0g1LJ72VoEhdqWXseeyjg5pd2Kz2rZNyGiiun3mTuhYo1uPIXnnsmkNACuUrxhwE0x+3K1BpBTHc8IyJ1gIWIDurhIOwNItCXQR3X6lU2Zo7lWiVhCwJMi5USEUVbI5lGkDNMA0+VxrawX6k8bXfwuU9dtD8Wa10fUskchcz6ylDopQSp7RO9nHMuPbkn+VpdFcGsas9qRAnNHymejzDgEqVrR8DoukygtatThH2LDaPMNzRuW0wHD0xyg9FH4OI5CCP4QebOWtdyvZJ2sbd+Elzs0OsArVNo7AaeUvL7KUuY7ceUSJQ5xKie5T4y6MxAWmai6Me4ojJzwQTayRy6/Er1uYX8FMhP+gyj/A7OzTZojlZjVst5Y5vCMy57JASXLdd2l2T0GtY9AsNgmyhuNC04bHFC6R/6pIonVkgtNG1ptQx44tEilJ971LnZUmZnKeHSkjhW6Vi/d50MQJO48oRw3Ec8ErafS3Toc7qVkeQ8NaAVzfH2L7bxG+0bDGNhQ48Pd3wusdN6VDpeNFI6jK5tkjsk2DoGPhv+6Lw6Ng9qr1jqMQY7pJ37Im9lPbbyWIfVVj1jHXdYOJK55IEY8krAZXUztT1BrGuIjYfPlZjqLqbJ1eZ7YCftwgNOlDHjaaPcrKqn7YdtiSxBnWmV6+U0AmmpdhzBrSCfCjqDnZWSbN0vTB6bLrwuue9G1+i2DPMORw7yuo9F60HRsDn9lxDLkIm4TzRdZkxY+HEUpZ1b2gt/p9DZmvxwY7jvC4h9Q+ofu8iVrSaIQOpdVTSMLfUP+Vjc7MdkTFznXaZVXJPWZKUUhZlvOwkHlZ3M1F8Ly1rztTzVHhkRsrD5xdLlEM5s1S9ehJdnnz7CZc0vvc67VOx077YOAipdBzGYrZ3RHYeyI0vGkaGiaEgH/Uqfli+hDPKLMY0A0pDkOLpSSVrNZgEGPTT3CyMgpx/lGmmZEja/WvK5XpC0LCQIK2XRWfT9nPCxjAEXpmY7EnLmFLktRjidH1zM9FnqN7jwkmD1xlafkbomAj9pBm63NO0tJ4S5jy+yaWRjiMUf6dt6d+r+UIvTewA/pW6z9UdSkaRGaC4diymKdpB7latzt+MDVmkxMCUTovRXWGXmaltypDT/ANrp0xMzSSbFcL546dbPDnwyNHFr6F0x3q4ELncEtC7NDqKIIG7yU/02EAsIHCGixQbLU5wISA0LFIdJDHGFHghMIydvdU4uPfdMIoBSYpCHpCJ9Obfhcj+s/T7nvbqcQ57O47rsbY2tcBXBSnqvT26homTEQCQ0kf7LJdo5aj5fxYnHgih8lFR+1wA7K7ID4ZZIS38XFUxjnnyVMvYz8GrX7MY1/qFITWjtw4YWn4KJsXHH/lA608fdRsb4XqeL0iG5jTEjDdGJI5IRfQQ//lSfAKrnAi0JleVd0GCzLlf444TLXi0Gpdn0PochfgtDRdBcm61DcnqYae8017t3B5W9ydXh0npw5TpBG4Nuz2XDuqdTbq+rM1LTMtrs2OvYD3UMi1ejs3W+J9p9MZo8H+y1sVEtHJ4+V804nX2ZpOgPwNNY2GVzyXSNHLv5XdNG60dqHSL9N6kw347nDaZSPa7+Fmeq+idEzdBgdoTInSOPue3uthDWKm8Rz7pTqXPzNbwTmglxO0v+V3/oGa58gOJNFcj1fQmaDpemuaweq143vXUfpjN6spPHvV0Y5Ehk02a2W26uS1xojla3T27Y2nlY/UXmPVG/tbHDd/0bD8hIs9FXivsJmc5rLCW5TZpWExkbvgoxkwNtl4HhVxxf3DROz5U+YWPso0uKdrT6vBvwlusRjKmyYZuWyN20tIAGim8/tItTDW5ZcDymQfeoTfqifN+oRz9JdbTYP3UmPg5Z7t4FFb3p7MxemdYixdNe+fT8ujJL3DEN9cenX6vpkeZhxukyIeeB4XOumOvp8TAGi6hiwx7nBvqu/ILfLo+aHQFFnFYfURGn/aB8r4TEeQ4nulGb1HpWl+lHhFs0s3DWRm+VhMnWumcPGwZDrInLWjfDu4Cy+vdZ6IzVHSaE1hkaeA3mz+l4EP8ADTnPZeir5I/huNUy8jUc6Z3UEn2GPELikHCV/STDZqHWefqkWXLkwMaWB7+b5/8ASxz9N6v63yGR5bZY9Pe8flwaXeuhum8TpjRWYmKwCSveflevT4q8ZdMH/Z6wzXmf9PybBPP8L5u+q+jHC1QTsFMkNghfTeoBsmK6x2XMOv8AQRrmEzbQMZXoeNMi8lZLThWmQvbMxzrK0OVuYWh44PK2mF01jtx4iWAuaQCr9c6ZM+oYwhi/tuHKG2S5YbStRl9J6dOqRiRwAhB937WrfoWFjYrY8FtGvda1GHp0WBp7YGgN45UNIwxk+pJt43UEhz6GZssMdBpOwO3N9xRcGEYh2tbOXTGtdZahp8QbCAEtSHKJm3REihSzeoaLC7N9Z7AT3WxlgLHGwUHkwBzHGuwRRkDNHKOuGMimayOuyQ6K7bkMdfYorr3JczVmsJ4JQeO0sxxIPCr8eZJNHWOldYY3+28/5WvyI48mG2VZ8r55xtWnx5nOY4rbdO9cTiRkMptVqZHOBr8zHlxLcwikli1dzM5u48hPs7JkzMQOjbwVmJsA+rv7OBR+wIo6T0tqLny7gaH7W8xJRJHe7lcb6czhA7Y9w4XRtHzGvY3aUm2H6hsJ94PpxwfleYgNgWpEjZuPlQxpAyVIXQzrkHSxBzCCEh1DELTbVoPUDrVUkYeCHBJa32UbnozEc7Y7BKJjzG8U4EpZr+NJjh8kYseVmG6k5rr3EKaawpq2Xo3z8umjnuv0eSXO4KyDNVLg3c9NMDOa9/e0vShQa9mnhkJ5tGRv9vJSnFnajBM3au0LApzgRweVQ4coYzhpJXrMoXyh00tkHtpDSRggq90zSELPNQK0XJoUZ52PoIeOWgp6hMObS0ZA8LBaYzEl+UTjzUe6UMn45ROPK0C7WJo3GPI5+O6/HLIafckUmbtuuyAl1IgnlFzOwfZmedpFrN6hnEk8lBZepEk8pRlZhdZtZzM4Nn7Ln3OJKbdPzhgtZabJDu5TLSMjbS5T7MdeHSMaXhvPhNMWS/KzGFltcxv8JlFlAdimpmdI0DZeFVJOG87kqOcAw8pXn6qIoid/IXOSRjY9kzwwm3KUOqsdwHWuS6v1Y5srmNei+ntcklB3P7pXPWBp1duZub3Q8s1khIcPUC9gO4I92SHDk8piYWlWbGJAfmlzHriB0cUpvhdDyssMuysJ1XIzIgk5tLsWgacW1O2y3yeVZgzuaPKI1qGnkj5SuCQtkpJURkWbfRM13qNslb3AzP7I93hcv0p4sFbTTJwYwLSZR7KYyNDkZjiCOUpmkJJ5RDngoeYArIx0PkRjcB5V4c2vyS6SVsbUIc0WeU6KFOQoysQw9kG1pu1rNRxAWkkJEYQHEJc3hQogYiG0ud2HKSakBI8lnhaLOHpQGzyQsxlu2h1eUrlp2YB48YDrefNprqec2fHihB/EJfp0RyZ2tdwiM6ART00XS79CfoCIqlo+im6kzUmy6fjPlLfASiDHEjruj8LsX0LfjQS5JlA31wV1ucewK906F0vj6hkaaJNRidGe+wrlH1LjzptQMT2uixQ//IXcp9exoGlznNAb3XHOv9ZGr5DmxC2NdfCkqit1lrbSwxRezFjayHsFDHmLpSfleTRmzwpafEXZABHCrk/r0RyWyGuFjOkduTP+nvljoBPdA02N2PyLWhx9KiaLAXmzctL6+PE5fk6E8OLnNSbUY/t2uC6X1VJHjQHaKpcc1zVN87235TKm5A24kBZOUSaVDXEu4KHLt3KYabB60jeDVq2KIZNgOr4UjsRz6J8rDtk9HPDyPwdZC+gcPQ48vCcw99q4r1ppZ03V5mdhfCsoSkmhMnhqGda4s+LDFNACI6BTLXOotEyNKYII2sl29/2ubYmCZoi9rqKrysQxNp9mkv4YqXTFkc3PfNM73lzb4QsjS4WFX2sIzDAfEQe6q4pHL2DQxPkfTBZTCHSJnvFgi1ZpT2w5e2QcWt3hQRTRhwFrHLEKsm4iHC6Wc6HefhZzWMJ2FLS6xE/ZCWduFger4iXWAgjPWZXbzMmFYH00hRY0k0AvXscO7SnDtPGu9wPwVs+l6ygI5eQOwWKb3C6b9KdK/qOqM7ADwuf/AAxm+6U0BszWkRduV0fExRGxkYAAARen6dFhwBrGi67omCEFx47rfXs2vETwYRRHdPsLHbtbxSH03GDeU6giApKHMsgiocIlsdBSiZQV4ApangLQKW7RaEyqMMv7aQj5KAKXZjh6cn//ACUXIW0fOfVcPo63kgeSUnxxuk/hPOr3b9cnP7SnEj/uE/pLS+x34ew2c6+waEBNU2f34tMmD2yni6pL8GMfcHcObXq0LEQ2ds0WeQNKiZ+kf0hFsG7wSluom8djR/CfdOsLIWClt3rAqUdJGjRdQaC3GyOxFBcE6v6Sy+mtTLsNxe27/hfSXSTx9o0ELCfUeFn9RArh3BUmIp/BT0x1tg4/TUWL1FhMyS5u0OLeW/7pZNpQy5pMvpnV/TaefQc/gf7JpD0pp+qaQxoLhkDtR4/3STqPo3U9HiEmnP8AWNXti4r+U2Fb9ktsvwB6nytbGlOgzcT1HDgSDytv9HJ3uYwSfntXMtWzdZhwXR52S4ENvaRa2n0SyX72iU+4/Koingho6xrX/wB9CfPC22AAcVoI8BYPqx5x5cWUEbSeVuNHmE2LGQfaWhIu9FHidPs9ysUz/i6qXuJDIw7Hm2jyiyABwFY0e3hTtl2YVOIY0kngcrJZc5nypXg8ArT5v9wbWdyFkc0CGRzOxu0yiPJ9k/kvot4LC17WPjPdp8rBdWfTPStcnfO1rYHu7bflbZkp45AV3BAvv8qqK4sjiziLvoWx0wd967Z8Wt79PPpbo+iyuknijyJPDnLaNrsjdLcPWAICGT6Y6p7IYshZBEGRNaxgFAAKcbjsHH+6tlAo2oRkCI9lDm+2eglhGVu+F/8ACyeVARFKAtgwgseP0s9ktAfK35VFEs6I/Kjq0yumQWZGu+bWmxIQ/F5HISTCG3Mkb/K0mALxnV3XX9MHxe0ItUbshkvzwmfTWEGacDXflB64A2NjfJK02lwtjwIR+kr8HpfYGfjA3aBycNtFPZQ1BTAUUvoY0ZTNxAbrslE+JwQPK1uTGC0pdJC0ghHHBcz56+q/T8jMtuVGCQDaU6fB6ulgu7lq7d1jpDM3Ce2r4u1zuPSRDp72+WhUUdMll2YkYX96r7pliaO9kolaCQoTD05rHZbnpl0MuFUjQeO69GEUyabz2Aab1X/TXtiyxuZ2WxxYodWgE+K4EOHYLA9SaQyWRxgN34Cj03naho0zQN3peQUWPRX4a/M0OcOL4nFhHdabpXLfjxtimdZCG0zVYtSiAcQHHurJMUwTB8RsLWk0LfR0XCmbNEP4VUnsm78LOaPqT2TNa+wCtOAJmbrCkccY+Mk0G4x3AUUbG2wS4JXiODJKJTZsgLaCTPr0UVS6wCzMZmSx7C3grl3V2hzYMxlYP7ZK664BrC4pRrWFHqOEYz3SpR5FFc1Wzj8D3WL8JvgZOx3dVanpz8LKfG4cDyh2uEYCncMPWi1NdGpxtQ2Dl3CL/qbdv5LHfdfBV8eVY7pUsCUEaX+qC3UTwq26ox0n5rOvkkIIae6rinEbqI3OSnJR9gOBso83c00SV4+ewdxKRQ5EjWC6bfyo5WpMhhJdKLCTPyYrpA/A2MJYJMl1RguXsOkZJeCWGkj0Tq2KPN9N5aQT3XSMHOjyIGvaPafKln5Y1eMktFUXT3qMsmn0kmq6TmYYcQC5o+F0GJ7S4EFWuZHK3a4BwXQ8h+wXBHFc3UPR9shLXfCVO1ESONOcf4K6/rPR+nanZeza79LHal9OvRLnYchFdk2N6YKrTMTLOXA0UFPM6qtOs/pzPw7uMv8A2EgyYnxOcJWubXewnRkpejnDCpjtx5Kb4Mm1oISqBrTz8pnCKZwjXsDjposLNLQOU2x84HuVjhI5vZEQzvA7p6kKlXpqcrMa2Mncsd1DqzWsd71dn5rhCW34WM1ad0gduQN6wPjwRZWU+bNLrJba1+hZRGxvhYkNInrwStTpJ2hqJQA4o6Tp2S0RCymDs9oHBWRx3uEAIKt9d3zyt7XRnAZZ+aXOIB4WX1N+6KTlMnOc67SfUvbDIT5R/hjiYrUY97yElfDtlKeZpok/tKJHAvNcpbQuL7CsR5a4bVpdPyiGDlZfGNFNsV/YJUolEWauPKJrleyZRrulEUnZEbgeF0YhH7Km3NIalhElnhNRFu7dl76I/SojWKbNPrkPpsIAWSmYBJytfrMhMVu7rLzMJEkjqAAUdmHow7RndYnD5NjT+KQ5Vk+2kXmz/wB15PcmkulfZ4SVgLYVpLg3MaXd0yxsY5ufKB4BKQ47yyTetF0zPtmme880uazs2PYFLH6E8jb7LY/TrJfHLKWGiQsTn5QdlSW3glNtC1pumwu2N3PKGfaNWKRruodUyn5YhbKadwaKqbA1sQt1uPdU6bA7OP3c3DjyAUblMeOCOP0kVrCn2L5sdpuha8wmMbkACrR7MZ5iLiFTh4xGTZTpXKKEurkzb6AHGMbeU9dDOBbRwQl3TsNRBa+GFpj5+F578lPR8asRzPq/Amlgce64lr2L6OU/d4K+l+qsZoxX18L5z6zaY8mU81as8WUZib4tIQwP3v2t5Wo0mP02jdSxuFLumaBYW806FzcZrzyrXWRKWs2eiyCOP9uC539W9J3SOyWNsHmwtZh5bgW3wAo9VQt1DSZLFkApvjPJYbYsPn6HIkgLg11BezZj5RTivdRh9DMkYQQAUKqZQSYk/Wr8KTZKBfCoUme0hyxnIZvAZO1xHdbnpuXdCL7UFg3vMkQcO4TXTdcOLCAe4SnHQJx5HQZpGN5sUsh1RNG+M0WlM+m4MvqTIYyJ2xpTrqv6X5eJgiYukJu0mMoxljBo8SW6cn08g5Qa4cErYP0aKbE3gDsshl40mBnbJLDmmuVuun8kT4uwmxSe5b2hslxMFqGP9vkObVUVt/pXqRxNajaHUCeyTdUYf/UOLR3K0f0w0ffqkUhFgcpkWgX2j6awT6+Kx4uiEfjQEHsqtIYBhMaGngJjFQ45TOmgVqCsVhHYJhHY7oaD5V4slIksHp6GMf8AtXAnahIvdwr29qorkwiM5piTZjyd4HwQm+Q0kCkvkxi4utDgDPn/AKwj9LXpgeL5S/EZw434Wq+p2nHH1mOQg0/ysy2MRQOIPHZFGP2AfpgczXCB7ga5/wAobTAfuQTymTot2KP2VLDxWskB/S9eK4pIg3dJ5BMk0TK5+FqNLIjDRfAWcYz1M9teAtFjDaEm9j6V0dR6SeH4zAOx8rKfUlvp6kwnsey1HRtfZM/Sz/1ThJmhePhSJvSjOhBoGf8A9QyNr6A7geVtMt+6EAfiR4XKNLyHQaswX3K6U2Yy4t/pXU+jzbf9hDq+JBNjzetAwmuDVlZ7oBoxNeoGo77LU5hD4JR5pZHp1xh1hxdxRVOLOhPLs651iWS6NFIB5tPejc4P0yNhPuFJVBFHqeltY/loCA0OT+makcdj9zb8+FFZ2WUPDpzX7goSztDS0EbilkmW9sbTELtWYkDnu9SUm/hTMu3QpocIzu7rG6vI3+oO3HhajNndEDRWC1mdz9RIKZQ/thL5P+ocJGu/FXtkNAX2SxhLAOVdG888qz9IU+hgJaKtwJyMpvPFpY6Q/K/YkhbkNN/6kEl0x1cskbWd5MXHdUF7hGF+c/cxv8LwWVB+nqReoubJQ7pXkgeu+/KPqglma6p02v2TX9xEkbNupfolaLHBja4UatIpabmtJ+bWgb/2w7wQmXCvG6M9rLnPz4Gc8uWzx27YIx8BY+VwfrELXcm1sNwaxovwkNlFfZ5Igch1X8K6aUAnlBZMo2nslaNbAsiXggJfI7dYukVK8EHlL5HcnlNgieyRXNCJInMPkd1wzrbPn0PV5mOv0C4jnsu6xncSCVzz6t9LjUdLfkRfm3nhPSztE+/hyWTNGYWvaaafha/Q5Gtww3ftWA0HEmEjoXsfbf0tQ6R+K0DtSu8dtoTYjW4npep7jZ+E6h0wZTfbF7T+litImM8nuNUt1p2tR4kTQAHUqN6JnFolF05PFJvgJaE9wcbIiAEpDgFRh9SY2SfTdTHfyiJskNp8UjSD4tA9BwPx3MdJt2gH9JxhuewFpJSjBDZy2TgfwnMR9IAkWEmYyCCwCG3fKYYE3t9xS9xuPcF+gm2BK46hqfFjoyE3fZCOY7ktNcrzGl33aII5pLSHJ8hDremtysd5DAZPlc61GB8Jcx4orsLowWkfKzPUOgDKiJiFOWSimV+Nc4dM5TkSPYDRIPyln9TkjlIc80muu4smHM+OVpBWMz5jHuLflR21YtPTjapGrGrtbG0ukO0+b7ITN6owsWM+jJum7Xa55rmsSRQBu6ik+jsydUyPbuIu+y8qVcpvsKVsYm21LrHLlF+q8MHwkE3VeTIS0zOrt3T/ABdExhiH7x20hvlcw6ilGNmyiFh9MO4Wx8VCnfvo12PrEzZ2yCR3H7XZui+qJpMGJhe49gvmjRs90zi0978rqfQ+seg3Y+uDwp/IoxD6bf6fQWFrT3AC6TCHV3tNF3C5lia72oBXS6/I2zXC8x816Ksizq+LrDHCnEWj4clkhNu4K4vidTO9UbjXK6BourxTwNIcN1JkZuPsXKr+GuMML226NhH7CR6z0rgaiw/2WtebogI/CzGvbXAHySiJc+GNwaXt/kFehQ3Z6JpPj7ON6/0dl6a58zWExNPgJPCzhdk6l1ON2O6P0w9h7lci11v2WYXtFRO7BejGDwVC2PLC1kLSATShKAzhtKhuWHM4VbJHSP5SubL1SmtP2W3c03Sy+owm3cLXyxF7OyT52EXbjSorXImuqxGSdB7gaT7SCwgA1aClgLHmwrIGmL3NKpUSDjhsMVpMYA5VhholZ7B1p0Lw144T2LUopI7sWVkkZhNzdrSXcD9pFqrzIxzRyE5dL6t1yEFkQAtdwujHQZIw+fFdjlJxjuDnEgrYZ+A4lxDSljsTa7kFG6+hKXYohjcCjIrBCIdj14UPT28qaccHQYbCTX8IyGzz4SyGQNsFOMOVpZR/4CCPbGP0FbmxxlzzQCXO1rCa4gyx2P2lXXOt/Y4Jjg4eeFyR8+TI9zzMRuNqjcJ+z6dy2/cvDC/aAsR1NqHoymCJ3tHBryo6/rkzclzIXEELLT5Eszi6Tk2vKnrPUTyJ+yHbjwhnEAUDypucSqiwnlcgEeMsk89kTFkviY7YCCeOFSwBrDffwtJ0xo7Mxvq5BoDml0mau2J8XT83Ne0RwOcXHutjoXSpx/7upbQByOVoMeeLExxHBGBX+quUJk5E2Sw0Tt/aTkpPoakkE+rG3+3Bw1qnGHPPPKXYjS2QBzloMTG3FtIlBo3kScGRxbSg8dt5O0dkXqce14C902APlF/PdR3PCitL2zYdPxuEQsfwtOwFre/hK+mMJ2RQHZq10ukhsG5v5AKNVatNnbGLwwXVUhbiP82P8LgHVmNLLNI7YS0nuvoDquJwhkY4d1iToceRjlrx+R+F6HgVvRd75I4biYO2cEBa3TnzNjERHC0epdEiJ++J4AQjcI4o2uNkL1ppolro1gg3B9Aco+N2/GfG7mwvzWNILvKifb+KXXLJaFdQ0jj/AFtg/b5sjttAlZUjnhdL6/gbPC53Fhc2c0tJCvcuXZB/wgL58lSHIrwE86d6en1XIYyMcO8p91D0FlaXCZSOKvulfIk8GxplJajIYLgWuaVROz+6QAp449LI2u4o0VbnMLX2OxW/oDWdGz6F1WXTRG+IkOHwutYXXEmpYhxsslx8WFxjpptQN+Vp9N3syA/mrXn2pci2ifFGd+oeM0Z8kzWgApb0jlETlhdwm3XcoeTyshpc5x8sFp8qulfQm8jG3huNdxvXx/UqyAjvpnrePg52zIftc08WvdPAzML5BHlZ/J0CVuptfCdpJ8FamIS/p9edF6/pup4bWNkb6nZaLKwtlln4/K+UOnMjUtFy4i1zwLX090dqs2qaMwyi3ULJU7vlXLsu+GNkNQdjnwSjowPCGbEBIfgIlvAsK2OWR1EbXFkw0sshVmctPdfnvdtKDeS60PBmuQwjyGu4JVttN13S/HYbTCKMuq7pEogac8+r+nGXDgna0e3uVy6SG4Gtqr7rvXX2EcnpyVoouHIv4XDM5/phoFccJ1cfsZN/UHzdscLI4zyqYBIXGzyFVM8ySbuyuZY3Ob5C9DSHAzSYS/Jcb7J232uAQeixD7dzx3REZLZKPkqO56V1Lo6T0ZKBjtBVX1Lh3YkT/Pyq+knCmAkJn15EJNI3f+KRH2MOIzObDrEV97XU9NYyTBBu7HZcg1KatXB44cun9NzerhsN+FdX0Q3AmSSJ5G/7Usuz+3qrgAbWq1pjo5zIB2WXxJjNqt2O9KneiTDrfQs4fjGN/JrylurRvw9ZL2ghhNovpAENe8eBwiNZDpacWg0obJdl1Ufqanp6aPIxgTy6k3kqJm7wVhdD1M45qqaAnWZ1HjuiDAbd2U7K4vET1eZj3cyNb/usrqrWNywQNxIuwmRxWZ5L5Xlo/RQ+sPbjFsUDb9tbim0r7E/kPYi2aQ8cUFD7prDRcq3Pc5v9w/4QMrxvI2q0gGgyQ7sVZjOd9w343JXE0gWeEdhktkYAb58oH6YcP9jexDdED+lYwBU4zrgafkK5v4lee/Z68PR6W2Ck2o22fv3KdXTCkGtE+qwj5R1vsTd6A8qLdkMIT6D347QD2SmVthrv0mmme/HJHhPs7RPT0xKGN/rgcRy3sU9lyQO7rSHKcIcx7z+QQOVrAaw33UljKIdD6fJbVhwS6fLBsByy8uthxKHdqhNm0pMNmgkygL9yGOVudQKQS6iTdFe42WXnlV1rSaZpIZfgrzUQJ8B7JGhzaqkuxpiQixMS0tI9pT0hK0xrdIw4skvELG2lPVmgh0LpcdoPHhazWcYA2zylBz3Nf6DhbarlU0v8BtTS5HKfWysJ7gWuaEfp+rPseo8hazX9NZI0u2j/AGWQydP2XtH8KlwftCVJNDSTI9Q74pSHfyqnazl4jRczi2+yUxQSturRTNMlydoddFb2Y0jpX046obmZIxshxB8ErqcoDmgt5A8rifSugOxMuLIjcfaux6fM6XFBd4rhIsjh0WkERPIbTuyjzu47KL5W/wAIqLYWX5SV0a+wnDsco4WTaBEzWRcd1LHyyRyQhcWw4ywYNFGyvz2NNnwoh+5leVICh3S8ZRpjOt+nDqUZlx2DeB/lcL13S8jHyjBM2nF1BfT+QSGOAPhcX+p2G6NzMpvdjrKyceuxldzTxHMNf6B1WWLHnbGXwv5sJ10zo7dBnx4pmAGQUbC0+n9dFmlRY4a07e+5IOrOuMPJkgjhha2YEAupeVe81Ic5OQx6o05uTgzGIBrmjx5C4lruJJG1/rsI5Xc4s1s2IyW7Dmdv2uVdZanjPE0dDeDXZB4s32mCm9MJpsT2ZpLRx4WvxZ5MZzHDjyqujdNj1GZzyeG/Kc6xgMhkAYeAEu5pvC2tPjrC8LXywje8gp5i64ydu0PsnsueOiLZPceFbHnNxOWHkKZ0xwfGzDfxy7Zt0j6Ww0DqPDxgGyTDj9rhWbr+RMKBoKnHy8h4LjIf9isXh8w5eXxO2ddfUcYmNs06d275aquk+tYtQwHOzsx3rAXyaXE8mUEOMjib+VLpvTsnU81seO5zWOdXBV1VcaI9kUpyuZ3kfUZkgdgtY+Y9twHdSm0rWepmRDDicyMciwtX9Ofp3gYmFBNkNEkpFmxa6phYkGI0NgYGACuAg+dyfQyNCgfOv9KztNmMGa07hxaOxYC11Hly6l1vozMiJ2RG0Bw7rB48G13I57LoJyZ6FU+sIxw2yiOVVLibmuCbsgFc91F8XBCvpgT3zMdqWmNDSWgLPSNMRcFvc+D8v4WP1OINLiFTmIg3WLxGD/KKxY5C4bSVDEaHvAT3ExRuFJbQ2MdCdPicG+4WUeMR0gvaicLG9otOMbHFcrYo2VfRm5dO3MO5oSDO08h5oUuky4baKR5+A23cJv4TOs5tmRGMG0pnmLTyLWv1nD27qCSYWlHME9OG9rSQCVLagV0IvWO6iujfS6DR8mcjWcmNkf8A8jS5DPqxdHk48rNkkTiL+VlX9QZMb3sY51A+HUlQQSkbn6vw4Q17Lbpk3rwxvpu3kALnHpSHlu0D+U1x8z1InXLTpO98o+DpSWWJsgeKcL/JGs/TMHZe6WQySHuq3FtGlDAcXY/uNqM3HZeeyzdWECeTSrdKR5X5/YKsgW5akC3iDtLgOXlMb3F8rouI2PGgYyMVxysv0fEz3O2jd8rRZHAdXyFrjpkZDOBrZ3UCi5sZscFBB6OAS1N8sDajriHyM68Fk3HhaTRcgFwDkjcB63ZF6eS2c0aXWrOzlLsM1fIIyNoHCO0RhLw6+ElziTkiytHoIG4ceF4vks9GpajfdI5P25O+qK2MudA2Ky8XSxOkNGwcBH5P4H+EqFmLBc6VKWiPq6Zs852EUfCCxMdpiZbfChq/5D+UZif9tv8AC9X/AB63sVd10LNYxAWcBYDWIi2cgBdK1T8VgNeHN+VfasHUehE3jv4Q2VO1oIVs/ETiO6TTOJa6yTwpF7Ovn1hlOq5AWvN2sLN/cyGADytf1J/23rH4vOXHf/krIP6nluP2OodEMlx3QuhZ7vldM1mGXUNFl+4j7N70s79PYmH0raD2XSNdY1ukSgNA9vheVZa1Yex48UonyhreI2DVJmjgAlDvHqRNpHdXkjWp6PkoHB52g9l6dbbjp5Fy4zZpunYXFrQFvMfErFvb7ll+mWjjgLoMbW/au4HZQWyyRTUtRxrrVzvu3NJWXbYfbTytb18ANQloeVkvAXoeP3Ant9m46Z1KoGt3c9lt9Lkx5Zmvmc1pab5XK+nB/wBS0eLWz1X+3Ews9p/SVOTjLED8exOwY50zUMNggjbJN24C6j0TjOxcJjHt2hfN/wBLMiYaxG31Hbd3Yr6mxztwoy3g8KTy212VeKvpwP0sjBOQ1ymx4qrtIjI92ebcU1hJN2rfAk5Rwl8lcWXPeEKXckftSl7qk916PHCbRji2SmEQI8oDBTSMCuyBoKLB9Zg9fSp2uFjavmfqZzYdRkjHHvIX1PlAfaTCuNq+WOuQB1DmAdg40jh0dZ6AYq23dlTErwdpHCoxu4TCEAjkDunp72S4ajTYBHpAcRRKHYC14LyKTN7QNHjoeEpkJLGWpZvWVV9I3HSkgsAAEWtJ1W0y6DPQ7LK9Jfkz+VtNV50mcHnhDFdmyPmnUX1qMm4chy6H0bkl+O2iue67xquTX/ktf0M40RfFBWxWIis7NjqDDNE8OHKw0cf2usxtI7uXQJOywvUx9PVMZzODu7hHvQmK06r0430sXdXBTl2IMiMfsJL0a4yaSDIS4/tMXzSRvpjiACoJy+2HoVLrBTrOI/EjO3hJtObIZxuIcL8rU6q4yxf3Du/lJoWNbLbQB/CFdjMNHgUW7SKSrX5w3JY2wOEXjyO4G7hJNf5y+VTS/sTXr6lUjtwG3lCuDt/ZWYhJa6/C/H8iql2yFnoALeURiuIcw15QbSd9WjIPH8oX6YcepG7wnXjR/wAIguppCE0//wC1j/hXvXmT6Z60H0WNf7CEn1QAUXJrFzaV67xCir9i7fRUXMfAKPKO0s7IXgJJhm4eflONN4jcq59RJavYm1Vp9eWyshqUbgTV8raZ4uZ1pBqTG7DwFLNaULtmLnY9pPdDHILOC5Mc3u5JpRd2kP6jorl0WOnd8ozT5iSLKVvHsCnjuIqiU1XcVoEqdeaazFnDSAXJvixy5AqJpd/CzWkND5QH8rqPTUUbYI9rQPaFJb58k8RTX4qS1mU1LSsx0XEDr8LOZXTGoyRGZkD9wXc2sa5vIBXuxo4DRS2nzZrsydEH0z54mwcz7cxzQvDlnZ8R4l2Fhv8Aa+mdQwsZzXboIzx8LnnUen4jH22BgPyF6/j/AOQcnjR593iKKckc907p05Ld5B45pFTaZLjODWxnaFstLjYG0G0E1dBE69zAePK9NWfp5ct3DM9P0GhjzRWpgcMfHc4v4SSKNjdQ9rQOUyz/AMQPHwlWdsyKFuTrL/uA2vaCnWlah6rSC5ZnKAG/gKOnPc0na4hc4rA9xm8bMCKJu0RA0OPCQ6Y9z2jcSU7wiQTylPoJMbxENb3Xr5drSUEXHeOVfN/2/wDZLHKfQHkZR55pZPrfDZk6RMHcuq08yCd5SXXucKa/ha47EVCTUj5q6mldgbhG/aVz7I1GWTNY5zyad3tbD6nEt1AgGhyuet5kFryZpNs9et7E710/mmbR4eedqwk/TOZqvVMrGRvdE560vRJJ03Hvldc6cxYGNMjYmB9flXK8qyyVUng6iClI5LPoEnTETdu4Pd3CTZ2e2Qlz3Hc1dC+oz3EOJNkLkGW53rO5XVP5e2Uz6eFmTl+pe3sh9pcL8fKXTSOB4cVY+R/2rvcVX8IhyCJfTYwlzgl7dV9EkN5CVzSvLnW4/wCUN5T64cRcsY7xpJM7KbZ9pPZdu+l+nY8GyUtFiu64ZovE4r9Lt3RMj2wspxHZR+ZJ5iK/Gj/T6G6bzmtja3dR8BaqCUubZNrlehzSf2vcV0LSXudF7iSvOrtcXhTZX+hmcz14XRnsQucaliHDzHsc2gSulvPH+yxXWbR6jDXPyrqrWmJjqFEdOuvAUCwuPHZeNJ4RI/BevW8Wkt0hRqYDY3WsBq0lucAugaz/ANt38LnOrf8AdP8AKofRPDtnuByQQtNgN/G/Ky2B+X+61Wm+EhstgujSYLBQTrGjFDhKNP8ACfY3ZamFL0TdCCOAledjE7uPCdnuqJwPTdwi5E8jB6zh3HQHAHJXD+seo5MHVX4uFI5jgSDtX0H1BxgTkcHaV8i9Rvc7qDIcXEu3nn/dJl2xA0lz2+k95Ac93JJ+Vlsj3yuceCT2Cuke4zck9lRNy9ckakH4WNCYPVfNteOwtNYtdy442sZJ7WiglkLWmJttH+FbtaOwCxxTOP/Z",null);
INSERT INTO `tpdatabase`.`fotos`(`id_foto`,`foto`,`id_reclamo`)VALUES(2,"/9j/4AAQSkZJRgABAQAAAQABAAD/2wCEAAkGBxITEhUQEhIVFRUVFxUXFRUYFRUVFRUYFRUXFhUVFRcYHSggGBolHRYXITEhJSkrLi4uFx8zODMsNygtLisBCgoKDg0OGhAQGy0lICUtLS0tLS0tKy0tLS0tLS0tLS0tLS0tLS0tLS0tLS0tLS0tLS0tLS0tLS0tLS0tLS0tLf/AABEIAKgBLAMBIgACEQEDEQH/xAAcAAABBQEBAQAAAAAAAAAAAAAEAAIDBQYBBwj/xABGEAACAQICBgcFBQUHAwUBAAABAgADEQQhBRIxQVFhBhMicYGRoRQyUrHwB0JiwdFygpLS4RUXIzNjosJDsvEkRFNzkxb/xAAaAQACAwEBAAAAAAAAAAAAAAABAgADBQQG/8QALhEAAgIBAwMCBQQCAwAAAAAAAAECAxEEEiEFEzFBURQVYXGhIoGR0VLwIyQy/9oADAMBAAIRAxEAPwDyMpOEQlkkZSd204FIgikjLGlYo2RsU4YryBwdnIo3WkyHB2dAnFcb8uf6idemwI57LZ7dlucVtDKIVhMdUp31GIyzG4jmIjUptfXUA7brke+0OwXRbGVc0oPYg5tamMxkRrkZbJb4P7NcewNhR3ixq5g2tnZeYPlEerhHhyX7jrTNvKRjawUE6puNxjVE2OJ+y/SiC4opU/YqoT5MRKDH6FxGGv7RQqUv20IBtwbYc7bDFjdXP/y0N25LyivIiES5mOI/8S0rYgY9Yy/Kd1oyFaJRJQ0HUSRQYRfAQKkelSQKI8CTkOUGK689vpOluGyDLHgwhbyEKZKrQZWkitCmIEqZKrQZWkimOmK0EqY8GQK0epjChCEb5KGEFBjw0dSwVSrz5CdcxXkAaODQ7skUEvBLecvGa0V5MkwOvOXjbzl4MhwZucKxoad1pXwTlDWSQskJDTjQOKYykwMrGMkLIkbCVuJYpAupHBOUnCwzReA62oE2Dax4KNv5DxiuKSyx1Jt4Q7QugGrm99SmNrbSeSjeeewc9k3uidGUaFjTTZtc5v363DPMbM7xlBQoCqLACwA3CGUXnmtfrZt4j4NeihJZZocEZf6No2LH4iD5AL8gPKZnRtW5sBearB1kUdp1B4Xnn13Zyfk724pFtSSdGBVmYsAwZVXVIuABrE5HI31vQRuHxdI7HENFVeM7KoThz4OGbyYDpV9kuExAL4a2Fq/gH+Cx4NT+73pbuM8Q6Q9H8Tg6xw+Ip6jbVN7o4+JG+8PUbwNk+skqAyn6V9F8PjqLU6qjWIGpVAGvTYX1WU8rnLYQSJuaPWNYjJ5RyThk+VBRj1USy05oqrha9TDVhZ6ZsdtmG1XT8JFiO+V9xN5Y9Dilkesko0XdgqgsTsAFz5R+AwpquEXLeSdiqNrHkJoqmJpYanZAQDvPv1Obcvw7IzaSyxIxcnhAWH6NVD79RE5Zu3iFy9YUnRgHZXJP/wBX6OT6SoqaSr1fcFhug9XBVznr590o76zwvydHY48/gt8Z0fr0xcAOBt1b6w5lGAbyBErgZc9E+lj0KqUMcOuw7EAkk69K59+m/vC28XsRwmk+0nob7N/6qj2qLW1iPxXsxtszyJ33U7SZbCyMiqypxMLOhYxTJAZZgq3M6DJFaR3iEHgZPIQpkitB1aSKYyZGidTHgyFTJFMYRkojhGLHiNgXJ2KdnIcAyK0Vp287JgGTH606GkGqYs5y7jp2oJDTuvBdczvWQ7gdsKKdnWy885CWkRec15HIigycGaXo5q01ZnIVmItfLsgXBF9x1vSZZWlxjmBClXuNVRe2RsAD8os4qcWsjQe2SeDWpiVOxgfESUVuHf4DOecuW/CYfhXbqHFvfdFvfIaoLEDfc3mU+lwk+Xwd3xjS8G0paRqOerpkqu8ja3K/D67nVdILStYszXvlc3PzOyD4SyUgF3i3Owy9SJe6FwCHMi57powqr06UYJHMpTublLwP0V02xzXCt7tuw6qLjkDlbxmq0T0nTEHqmXqK/wB0bKdQ/D+EncYP/YqsusoAOy+V55VpPS9RcTbNkDqAxXUZc7MDbbqtex3yW01WxxNEjKUJZiz0ev071Khoqrl1YqwI1dUg2IN+E0Wi+lYK61epTp32BtYsedgMhPOtI6R61hV1FFYoq1HAzcrkHP4rWF+Ujo9Ha9XtmoRvtb58Zyw6dRDjHP3LJaiyfPhGk+0ro6uklp18E9KrXpgqyBwr1KebAANtZWva9snaeI4mg9N2pupVlJVlYEMpG0EHMT0zSlIYfVYv1VTK1i1iRnlwO/L1gvS6muOwpxhA9pwwXrWFv8egSFDG21kYrnvVjOyMNiwvBRJ7uWZ3ozQDBE316qoeSKV+ZJP7oltj9EdfVU22gMeCg+6g5AZeAlDobEFNR1yam4ZfAhh6/Ka2n1lb/LqdWhsCwANQC3uC+SkbL8st05NdZJVvb/PsdWmgsoOwWgKYFtW/yki4ClTdWeitVRtplmAbvK7Ido/CrTTUUtbadZixJO0kmdxbACY0L4xxjLf1/o0HW354PPekWjDrMyoFViSqAk6oOxbnM8J7FgMatbR70Kt9Wjhqa1GDlDc2FtYbMltMFiiGI4A3l6mkVpYZcOo1jWfWrtY6oAAK0b7C1rEjdrc5u6dSlDdJYMy+UVLbEyWneh/Vs3sztU1Sw6mooTEdkkHUA7FcZH3DrfhmYvNfjcQxoUnGHxRbV1a7JTLJrUjqB9RsmDAA3GzOZysyVtZ1cM33mFwb/wCqjdpf2s5012J8Zyc8635wBho68J0Ro1qzmnsK7ZDiqJpuUO6W7XjLK8rOBAxytIgY/nATJOpkqmCo0mVo6YskEgxwaQBo7Wj5EJ9acLSHWnC0mSE+tO60H1p3XkyTAS/QXhW80/rIx0IqqQVqobcVP6zWDFNyki4w8BO34Wr2POfMtWvLX8IxWL6HYlmLa1LPhdR8oG/Q7FDch/e/UT0VcWeAkgxP4fWB6Op+48eralei/wB/c8vfonix/wBMHudfzMgbo1ix/wBBvAof+U9ZGIHw/KSCsPh+UT4Gv3ZautX+sF+f7PH/AOwMWP8A29Tyv8jNfgsOVoU0dSCEAKkZg7wRxm0WqOB9JndJH/EbvMzuo0xpryma3S9dPVWOMo4wU1fR9NtqDylZpHCaqKqZBXL24ki36S/Ig2Ip3Fph16iUHwzflXGSJNHVRVIIy1zYciRl6285q9CYkao+vOef4FuqYo3+W2/4Txmro1kftl+rc5l7FqVX8TauaOd7AEHbYG5PTq63qYqcPKK6Wqf0vwbdMVYZN6zzLpZVVsUtNFF2N2IFsgdZibd0t8ZjKoWwekeYYnxtq3lDVFOgGr1WLM3LtN+FF4bM4mjothLdPhDXThJYjyy10YLuPGbvRlSwF/lMFoeqtVQyEDXs1MkgAnYabE5KTsucrqBle40GE0tq3R7qy5FWBDDkQcxBq7rqrMx8BprhKGH5I/tG0aa4V0YBFXtITYkhtYEEj8xMZoFilCugJIZK6W5PSK6vnY+M0PSnTXWL1FLNmyO+w4mVZwvs+DqVdyAAfidyALcT+Szs0dllkd00c2pUIcJmX0jixT1cOmylm7D7zH3mHMH0NtksNG6VK2uf312fvDdMs5Je23br8CTtHhJKdVkFuGw8OXMd8LsW7DHUG4npdDSlS3vKeeX6zlTFsfebLyHnPPMPiWGxiPrlLChjXBBDkEG4IyYEbw17gxV2YvKgsh7dklhyeDTV9JKnu5n08OPhI8JrO+tbtMQPXISnw1bOyqWY8MzPROhXR5tYVqozHurw5niZVqdb24tv9iyvTR8I9K0DhglFEtsUfKAdKOhGExou6dXWHuV6dlqqd1yPfHIy1whtlD0MwqLmpZLbVyfMOk6dbB4qpRewq0jqOVyV8gyVANwZGU2lbVrliWO0z3bp10Iw+KrjFOXDFFQ6pAB1CSCbg52a37oma/u1wvx1v4l/lnrtO5W1J5MDUauqm1xZ5gskQz0z+7nDfHW/iX+Wd/u5w/x1v4k/ll/bZzPqFL9TzJuMcjz00fZ1hvjrfxJ/JOD7OMN8db+JP5IO2wrqFOOWebho7XnpA+zvDfHW/iX+WPH2eYb4q38S/wAsOxg+YUnmmvFrT0wfZ5hfiq/xj+WOH2e4XjV/jH8smxk+Y0nmOtFrT0/+7/Cf6n8f9J3+7/CcKn/6H9JNoPmVBQzqzgblHB+U1jzrRIskEjVxw9ZIHHCQKHiSrIgwkisOcAcE6TOY5ruTzmhLCx7pmqx7RmH1qWIxR6XoEOZSIzI3WTARak8xuPT4K+vQvIKVKonuMRy2jyl4mHvDcPgxG77j4ZNuSjU4kjaB3KLynxuBcm7kk8TnPRqODEbiNDBt0PxUp+WRQS8I840dWeiSALodqHjxHAzZaO0q9VRTALACwSpTSrq8lLg6o5Ayb/8AmQTNHoXQ6090vjrZRjjz9xJVRk8lVgOj7swNQKi7bAKv+1AB5wD7TwKeGpU0GWszd7AAL43abojPwlR0q0X7RQsBdkIdedto8R8hN3RylZp9z8s83rbFDWKL8LB4jTweqLHbv75NTw94djqJVip3TuEpTF1GYyPSVtOJDS0Op4jultgOjtO/aufE/lEmIRNpz4bT5QvD6QckLTpm/FjYeQzlOL58QGbivJqNBaLpJ7qgdw2983WjKYVZ5kMPjSpfrhTUWvqKBYXAvc34y+0d0dpNY4nEuwO0tWKgc9tonyu6x5kwfFQguDfjGUxtdR+8IRhtIITYMD3EGYbB9F9FVaGtemw1Td9fdbMkk5TFYDAnR2lOqouTRq0hVTO4IuPO2fnJd0101ualnAtd8LZbcHu2kKIemRwzHh/SUHUDnNBgKusgPED1lNiE1WK8Dls8Jq9Iu3V7TzvW9OlNTx9CH2cc4jQHOO6z6uIjU+ria+WYWyPsMFEc4upHOO1vq4i1/q8mWDahppCMCCSlvq8YDCmwOK9h3UjnF1Ijtf6vFr/V4MsOxHOpE51Ijtf6vFr/AFeTkm1HlYqSRakDDxweaGQbA0NHa8DWpJFqybidsLFSPWrBBUjhUkyHtndLY/qqRcZ7BbvlLhMatQXBz3jeJa4+ktSmytv2d8xFag9B8j3HlMbqMa759vOJI9H0lSqq344bNasmRZU6N0krjPI7x9d0uKDTzF9U6m1JHoYSUllBGSq1RslRSzHgFFzKWh0vpFrCw5lrA8r/AFtlxpsWwWJb/SP+4hfznj8s0lMLIuUkSbafB6w3TCmgBIU3IGTqdsucJ0qpkXamwHEarD0M8OEfedXwlPt+Rd0j3/RunsPWYIjjWOYU5G3GxmmpplPEvslwRqYs1DcrSQ2zNrsbD0vPbK9UKpJNgBcnhM+6tQs2xLF4AsRUs1o1asocPjjUrPUzC2sO4HIkcdvmIeK09roqHXRCMuHg8Zr2p6iUkef9N8JqYhiNjZjxz/OC6Gw4c6pNr5X4X2GFfaVje2iqMwBc+v5zMaN0u1Mi4uJja/SylY3A39DeuzHcT0KJw7Fao7Skq+0m4+9xIIse605juk5BU0ALrftEZEHdaWundJ4XF0QWFRK4FgyhCGHwv2hdeYzHPZMvg8DTv/is423ChQVtxLb+Voa+7KONuGdLlWuWyTHdJMXVUo9VtU7VXsg2zF7bYEKlap2Qaj8hrN6CaTRSYCmgNWg9du0btWZFsNnYQfMn9NZojpYmGDU8Lh6dFW7ZA12z1VzJJBO/LdaWx01kvJXLVQj4R5emLqAi7nI7CeG24m16Aq9fEmoxJWlTZRfYC+wDyJl83SBqnWOKVJXqntt1VO7WAC3Jub5ZnfHUGp00bq0VNbtKiJrdornewzF7Zx7Om2W1uG7GStdQhGWcHow6QpSprSp2dwFvn2VuMixHyHoM5HTxrVCWcgk8BYcgJgej2IL1FWmnZKrZdrC4Uklh+IsDltBG6eqaL0OiU2U++4zbgd1uQsPKV116fQQUfMmc2ojZq8+iRX604Xg1SpqkqciCQRzEacQJrKGVkwHBLhhOvFrwT2gcZz2gRtgu1BheRipBziBGCrCoAcCw153XgXtM57TB22Hag7Xi14D7TF7RJ22Tajy0VI9akHBjgZZks7YSKkeHgoMeGkyTtBIeODwYNJaObAc//MEp4WQxpy8INqDs9wlFXVausp3GaDH9miz8jM5ozZfeczPEyvlO2Vn1PaQqjCtQ9ilxeHakSw3Zi2/uheE0y9ta4yIFtqnO5sdxtDdMr2R4nyB8pRq9wBbZsOw7Sc/Ob+m/7FadiyZt3/FLETUr0hSpQq0aikCpTZARnmR2T4MBMy/RwH3atMG9rFjn3ZR4P3rC/Abz3Q3sgntCy7zlnL4dPphnbwJ8ZaDYDog1QG9WlTt8bbd1xqg5XgOM6L4hGKhQ4H3ldCh7iSPlNFhyrZAqfHjvtLDD0L9wNvEZ75dHp9cvUR6+xehYdBkXA0CGF6rNd7Z2OwLcZf1MOxum2xJNIW7J7Sg3sb/e+VuMrcRhWZCAAN4uSxuMxyGYHGaTofoimA9UKMjYZ61jmSPAsfMym/SafQp6hx3P6+41eot1L2Zx9gijo8Jh2J9/JjyGy3lnABXEM0fjNerWQnIl1+YEz7V7X5SjpeulfGcp+U8lPUdIoTgo+vBUdIqIqVGO0D0OqAbfwjymcfRoN9XL5TQ6VYpSLbzK3BbJjW6qcrXYn6m3XRGFah9DP4jBlXAyGYFzsFztvuHGdfNjntJN9ozzzlnpulvAzsN+eR4b9sq0m5pZb61J+pm3rbLaEUUJBsCQBc2zsLgX8yIfhgfHdtvAKd8/2bf7hlHUcQSxJcogOqDxbjnuH1vnap4OXZuNBQDZDVIuQOGZNhkflLrD6+qAp1fxb8xYW4bdvlM9ouq5JpvbXpsjXGQYXyI55S/oPezbLgHbfdxG2dNcslE44ZddDKXU4ilTNTIu2opAHvL2gN/vXbxnoPSDSBo0TUXcVHmQJ5/oGsevonte+LjdwufOav7QK2rg2P4qfq6zzPX44tWP8TY6Y90efcg07WBKVhsqrc/tLkfTVlUa44zuKrXwNFvhqav8SEn/ALBKb2mavS73ZpYN/YyOoUqGokkXHtAi9oHGU/tMXtM0NxxbEXHtA4zntMqPaYvaZNwNiLj2gcYvaBxlR7RF7TDuJsLf2gcYvaBxlR7TOe0ybibEZYUzyjxTMcGkgY8pzb2dnaIxS5x4pHjJFJkiiTcwdtEIo85PhadmBjlH1lJKdgQSRt4ic+ssaom17Mv01adsfuFdKiKeGBO8gTIaOxS22iaX7SaqnC0grA9sXsQditPOVfdeYWi0atqy3g2r9RslhGi0riNlmsbG3jYWlWqGKkxtx1rGx2EC9geeZ844BdxKnhtm9pqlVWomZdPfLJKi+7+0PnI3A6wBt6/4ZPu62dwRxvHLwOYhF7jPVbPYwB9d5nQ1kpTwKiNZ6aE61RWBLLkEXeGNu/KanCLwuLi9t2/l4eEz2ErBLW1VtfYALg228dnqZa4GqlrBivIbM++dFXBVY8l4lLutzNprtDdjDDMEm5yz7s98witT1W/6jAH3s1XnbeYemIGqKZY2A1SPdGe8AbPCV9R0c9ZWq4vHORtLfGiTk0N6O4jWr1SDcdY9rbPfMC0nT1bm+1wNvEk/lJujDXrVbbAx8ef5eEdpqmdQG4/zFyv+1PL0QdHxEIvwjYvasdMn7lZ0nS1FTwA9SJn8LilG8S36eZUaR5n5CYjWP6waXSq6mOX7lltzrmy70rVVueW0Z2zG2AIvMRlAm178hv2Z58R+kl7J2jVPLZNvT1quCiZ9098sktPaNmdx+nmYwpY6lS4CnWRhlxuuzb+k6kIpMdgY78rnjc5eM6MZKU8B2i3btVmBVQVsg2hVOsch94327st0vKGKUbWvt3apI3XAyB7pnaWJsbkk5cST6+Es8LjhsKy6HBTPk0mjMc6ulQIoph1uzEg55WUcdtpe9NdKCthXpoDcFW3W7DK1rg7dkx9HFl9S4sAw1R43LenrDNI6StRrBrgilUvuOQlep0FWpe+XlIenUzp/TH1Ze0V19HD8NRDv4Mv/AClN7P3+sqOiXTN6lL2TqR2mS765J94Em2r+c0vWH4Zm9MhKqnZL3Zf1BKdu5ewF7N3+sXs3I+sPBPw+s7n8PqJobzh7ZXez9/rF7P3+ssM/h9ROWPw+sm8nbAOp7/MxdSOfmYeUPD1iFP8ACPOTeTtgIw/f5md9l7/MywVD8I84/Vb4R5w7gdsxy/X1eSKPr6MjB5H0jvCU5OvaT0+ckEGEcv1sh3E2E5MyXTf3qWe1Wyz3EfrNVrfWUxHSmvrYg8ECgDw1j6mVWv8ATgsqjiWR+FwpqKqk6tgxu2QLWsq353gKnVYqRYjIgy0pY1ersRfKB6OopWrdU2sNYEI33lYC9s9qkA5SiMkmdDi2h1Oqd8m6ziLwrE6ArUwSAKgHw+9b9n9Lyq9pAnSrMFLgHI4+tsIpMBnfu2Ai0qfalO+0IUlVDEEKdjEEA34HYY3dF7YclUb4VSxIGyUZxS8R5x9LGAkKMycgAL3JyAlivQjpNLT0lawA33PO2yENjjUNkW9S1xY2yGfayOXrmJV1sA9Km1auerVbXUWZySbBQBkCb7zlKbFdJXK9VQXqUPvMDrVX/aewy5C0M9bsWF5JHTZeQ/o90rqUVdurVtpOZG25lj0t0hiEw+Hqiydbm4sGKtqhlGY5t5TKMqdXqqvaIsLbyZqPtJqkLh6Y2XcnZtVUA/7jMpVxSk8efP1O1yblH6AeBxGIxxXDvUU3V2uVQW1VOrsFxdio7iZSVqLI5pVFKuhsynI/XzkFKoLWt9ceUvejVE4l2TE670wl1q3Jem1xYK5vcEX7JuMrx6sRxGKBPL5ZXI0l15aaW0AaSNUSoHVcyCuq4HHeDbwmfTGDgZ1KeCnbnkPVxwkyuO/I+GUEwzdYwRASx2C1uZ27IZWwNWmpd6ZCjacjbv1TeN3AbBLWhC4nhKg4xfoGE6LJrVVorZda/abICwJ3ZnIRlcK6i4o41rg8Pz2wbT3SA6nVLZnYFSbAkKykEH+v5Z6fR3R2klmqMapG62qnkDc+J8JhOkeizha5ANxUu9M/hLEWP4hy5cYLdTLZheoa6Y7ssveiQoUwikKauup5glgLA+M9BI+rzzfoLgA9UVGBIp9otuLfdXv+9+7PQiwlFbwhrYpsmXxnbyIMI8Ebvr1lm5lWxD4gYso5RDuYNiFHKOUcAJIqiHIHFDAkcKckA+rx2XGHIu1HnQqToqHj6CCvUce6obmXRfmRBqj1z8K/vKfRSTOOeo28JNmpVo9/MpJL7lqanE278o1cSL2vc8gfnKQUXvnU8la3racqOUGqCSTt4nkBw/Scc9XbnGMGnV02hrOc/hFxiMeF2WPjf6Ex2lixqM5Hv2YbrggAEeUKrYi2Rux3quZ7iR7vz5Rj6QD/AOarC2zsbPW8lTtbzIp1SoilGvH3FgV1wBcAgjbs275osMtKmRVdbOpKX4HO/jYEXmWarSJyD+ij5mGYjSBqIVCkk6l9+ai2tcDfl43lsk9ykimmce3OuXhmwTH62akHumO6QYTUqlwOy/a2ZAn3h55+MZh9cEdlv90bpvGNUKU2NgMyM7k7L/XGdPcbXKOJ1pPhgRAOQ2nZbbNe1JnwYw7+8KYAHBlzX5ATJjDajq1NXNuIBN/3dk05xLnPVPHYY0JZ8iyWPBlVSx1WsCMiCQLWl7oWigZXBB1Tc2INsja9tkpMfhqjsWNN8yx90nacrw7Q1IKCerqB7izZgWvmCtsxBG3DxgjhlZNNjiKqGm+anhtFjcEGYTFYYrVannkxA4kXyOW3KbM4ep8NvEReyVOK+O3zEM0pEj+krdCaKIdHqkAKQ1sySRmAbbM5faaw1KuoDk5G4IOYvt3bDIKeHcbfQXhDUFO31uJEkuCctmdxugtnVEW2MGPqMvSXmiv8GktK99W+feScvOObDEbEJHJr+kQ1Rk1O3eJFtTC8tYItL6XVKZuutrXULfbcWOe4WmIdaii5WwOzYZtsXgqNQAFchnkzCRroah8F/En5GLNtvgMUkVPRKqoeo7e8AADwBvrf8ZpauMUqQ1ipBuNxFswYPh9F0UNwgHiR+cLqaPp2sF28zGi8IVrk82Zs8oRo3SFSlUWqgXWXZfZmLcZuP7Go76Yi/sKh/wDEvkJXtkPlB+jNNl0BbUuRchW1gOR3g8j6wjFvRrALVRWANxexseR2wbB4BE91QPlDdQcB6S1eOSt+eCfDVEChKYCqNigAAeEnWrBktJkhIELV5eklWsOAgyydBCIwpKg4SVeUgQyYNGRWyQePl/WSKZGjTt4wrJbmOBMH1jx+cQfn85AYPOtUR2pFFOc7kztIlSSLZ7Tqqb+YjWS+0D0A8ooomEXKTa8jWogcBImpKd0UUZIql5Izg0+BfISRMKg+6PICKKTCAEBVjCl4opGAQpyUcIooSHBT5R4WKKTAQgVMpGIopBR6mSh4ooQnBbgJKvK/nl5RRSEEaQO0Kf3QPUTnsq8PJiPmDFFIQ4cHwZh4A/IiMOFI++PEEflORSAyd6mpuse5x+s72xtVvLKcikIPWvxjhWv9GdikIPWr3wmlWHE+U5FJkjQSlQfFCEYfFFFHKpInU85IO+KKOitiz4zlz3xRQgFfl6ThPMxRSEP/2Q==",null);
SELECT * FROM tpdatabase.fotos



